#usda 1.0
(
    defaultPrim = "KC_Two_Hands_Scene"
    upAxis = "Y"
    metersPerUnit = 1
)

def Xform "KC_Two_Hands_Scene"
{
    custom string ugts:schemaVersion = "3.0.0"
    custom string ugts:sceneHash = "e061c325aaacfa32da19743dc5215067cdbd183ceda9bcfbdc80483b904f0b22"
    def Xform "world"
    {
        matrix4d xformOp:transform = ((1, 0, 0, 0), (0, 1, 0, 0), (0, 0, 1, 0), (0, 0, 0, 1))
        uniform token[] xformOpOrder = ["xformOp:transform"]
        custom string ugts:nodeId = "world"
        custom bool ugts:visible = true
        def Xform "gyroid_panel"
        {
            matrix4d xformOp:transform = ((0.8, 0, 0, 2), (0, 0.8, 0, -0.1), (0, 0, 0.8, 0), (0, 0, 0, 1))
            uniform token[] xformOpOrder = ["xformOp:transform"]
            custom string ugts:nodeId = "gyroid_panel"
            custom bool ugts:visible = true
            def Mesh "Geometry"
            {
                point3f[] points = [(-0.596187022, -0.75, 0.716312978), (-0.5625, -0.75, 0.68732483), (-0.5625, -0.677294434, 0.75), (-0.596187022, -0.75, 0.716312978), (-0.629874044, -0.75, 0.75), (-0.5625, -0.677294434, 0.75), (-0.75, 0.55562854, -0.38187146), (-0.75, 0.5625, -0.391201679), (-0.73001464, 0.5625, -0.375), (-0.75, 0.55562854, -0.38187146), (-0.75, 0.552326602, -0.375), (-0.73001464, 0.5625, -0.375), (-0.598423355, 0.526576645, -0.223423355), (-0.5625, 0.522381344, -0.1875), (-0.5625, 0.536684248, -0.213315752), (-0.598423355, 0.526576645, -0.223423355), (-0.5625, 0.536684248, -0.213315752), (-0.5625, 0.5625, -0.249401019), (-0.75, 0.552326602, -0.375), (-0.598423355, 0.526576645, -0.223423355), (-0.73001464, 0.5625, -0.375), (-0.5625, 0.5625, -0.249401019), (-0.75, 0.552326602, -0.375), (-0.75, 0.50003326, -0.24996674), (-0.598423355, 0.526576645, -0.223423355), (-0.75, 0.50003326, -0.24996674), (-0.598423355, 0.526576645, -0.223423355), (-0.75, 0.481854611, -0.1875), (-0.611931366, 0.513068634, -0.1875), (-0.598423355, 0.526576645, -0.223423355), (-0.611931366, 0.513068634, -0.1875), (-0.5625, 0.522381344, -0.1875), (-0.659879138, 0.465120862, -0.0973791382), (-0.5625, 0.445290996, 0), (-0.5625, 0.477934008, -0.0845659924), (-0.611931366, 0.513068634, -0.1875), (-0.659879138, 0.465120862, -0.0973791382), (-0.5625, 0.522381344, -0.1875), (-0.5625, 0.477934008, -0.0845659924), (-0.611931366, 0.513068634, -0.1875), (-0.75, 0.481854611, -0.1875), (-0.659879138, 0.465120862, -0.0973791382), (-0.75, 0.481854611, -0.1875), (-0.75, 0.46943013, -0.0930698697), (-0.659879138, 0.465120862, -0.0973791382), (-0.75, 0.46943013, -0.0930698697), (-0.659879138, 0.465120862, -0.0973791382), (-0.75, 0.460401637, 0), (-0.668854842, 0.456145158, 0), (-0.659879138, 0.465120862, -0.0973791382), (-0.668854842, 0.456145158, 0), (-0.5625, 0.445290996, 0), (-0.678268817, 0.446731183, 0.0717311827), (-0.5625, 0.413403197, 0.1875), (-0.5625, 0.436409175, 0.0614091746), (-0.668854842, 0.456145158, 0), (-0.678268817, 0.446731183, 0.0717311827), (-0.5625, 0.445290996, 0), (-0.5625, 0.436409175, 0.0614091746), (-0.668854842, 0.456145158, 0), (-0.75, 0.460401637, 0), (-0.678268817, 0.446731183, 0.0717311827), (-0.75, 0.460401637, 0), (-0.75, 0.473559484, 0.0985594842), (-0.678268817, 0.446731183, 0.0717311827), (-0.75, 0.473559484, 0.0985594842), (-0.678268817, 0.446731183, 0.0717311827), (-0.75, 0.483004888, 0.1875), (-0.669054533, 0.455945467, 0.1875), (-0.678268817, 0.446731183, 0.0717311827), (-0.669054533, 0.455945467, 0.1875), (-0.5625, 0.413403197, 0.1875), (-0.658908998, 0.466091002, 0.278591002), (-0.5625, 0.430176399, 0.375), (-0.5625, 0.420493122, 0.232993122), (-0.669054533, 0.455945467, 0.1875), (-0.658908998, 0.466091002, 0.278591002), (-0.5625, 0.413403197, 0.1875), (-0.5625, 0.420493122, 0.232993122), (-0.669054533, 0.455945467, 0.1875), (-0.75, 0.483004888, 0.1875), (-0.658908998, 0.466091002, 0.278591002), (-0.75, 0.483004888, 0.1875), (-0.75, 0.550879011, 0.363379011), (-0.658908998, 0.466091002, 0.278591002), (-0.75, 0.550879011, 0.363379011), (-0.658908998, 0.466091002, 0.278591002), (-0.75, 0.554660468, 0.375), (-0.639638188, 0.485361812, 0.375), (-0.658908998, 0.466091002, 0.278591002), (-0.639638188, 0.485361812, 0.375), (-0.5625, 0.430176399, 0.375), (-0.596428394, 0.528571606, 0.528571606), (-0.5625, 0.51298419, 0.5625), (-0.5625, 0.481653541, 0.481653541), (-0.639638188, 0.485361812, 0.375), (-0.596428394, 0.528571606, 0.528571606), (-0.5625, 0.430176399, 0.375), (-0.5625, 0.481653541, 0.481653541), (-0.639638188, 0.485361812, 0.375), (-0.75, 0.554660468, 0.375), (-0.596428394, 0.528571606, 0.528571606), (-0.75, 0.554660468, 0.375), (-0.596428394, 0.528571606, 0.528571606), (-0.75, 0.5625, 0.387409715), (-0.61201581, 0.5625, 0.5625), (-0.596428394, 0.528571606, 0.528571606), (-0.61201581, 0.5625, 0.5625), (-0.586494597, 0.538505403, 0.5625), (-0.596428394, 0.528571606, 0.528571606), (-0.586494597, 0.538505403, 0.5625), (-0.5625, 0.51298419, 0.5625), (-0.586494597, 0.538505403, 0.5625), (-0.5625, 0.51298419, 0.5625), (-0.5625, 0.5625, 0.620637767), (-0.586494597, 0.538505403, 0.5625), (-0.61201581, 0.5625, 0.5625), (-0.5625, 0.5625, 0.620637767), (-0.75, 0.716312978, -0.596187022), (-0.75, 0.75, -0.629874044), (-0.677294434, 0.75, -0.5625), (-0.75, 0.716312978, -0.596187022), (-0.75, 0.68732483, -0.5625), (-0.677294434, 0.75, -0.5625), (-0.639280998, 0.673219002, -0.451780998), (-0.5625, 0.662513342, -0.375), (-0.5625, 0.704908026, -0.420091974), (-0.639280998, 0.673219002, -0.451780998), (-0.5625, 0.704908026, -0.420091974), (-0.5625, 0.75, -0.462486658), (-0.75, 0.68732483, -0.5625), (-0.639280998, 0.673219002, -0.451780998), (-0.677294434, 0.75, -0.5625), (-0.5625, 0.75, -0.462486658), (-0.75, 0.68732483, -0.5625), (-0.75, 0.632317053, -0.492682947), (-0.639280998, 0.673219002, -0.451780998), (-0.75, 0.632317053, -0.492682947), (-0.75, 0.5625, -0.391201679), (-0.639280998, 0.673219002, -0.451780998), (-0.75, 0.5625, -0.391201679), (-0.639280998, 0.673219002, -0.451780998), (-0.73001464, 0.5625, -0.375), (-0.5625, 0.662513342, -0.375), (-0.73001464, 0.5625, -0.375), (-0.5625, 0.5625, -0.249401019), (-0.5625, 0.616965073, -0.320534927), (-0.73001464, 0.5625, -0.375), (-0.5625, 0.662513342, -0.375), (-0.5625, 0.616965073, -0.320534927), (-0.75, 0.5625, 0.387409715), (-0.75, 0.690860746, 0.5625), (-0.681007905, 0.631492095, 0.5625), (-0.75, 0.5625, 0.387409715), (-0.61201581, 0.5625, 0.5625), (-0.681007905, 0.631492095, 0.5625), (-0.61201581, 0.5625, 0.5625), (-0.621442939, 0.691057061, 0.691057061), (-0.5625, 0.5625, 0.620637767), (-0.5625, 0.681607224, 0.75), (-0.61201581, 0.5625, 0.5625), (-0.681007905, 0.631492095, 0.5625), (-0.621442939, 0.691057061, 0.691057061), (-0.681007905, 0.631492095, 0.5625), (-0.75, 0.690860746, 0.5625), (-0.621442939, 0.691057061, 0.691057061), (-0.75, 0.690860746, 0.5625), (-0.621442939, 0.691057061, 0.691057061), (-0.75, 0.75, 0.625968847), (-0.625765242, 0.75, 0.75), (-0.621442939, 0.691057061, 0.691057061), (-0.625765242, 0.75, 0.75), (-0.594132621, 0.718367379, 0.75), (-0.621442939, 0.691057061, 0.691057061), (-0.594132621, 0.718367379, 0.75), (-0.5625, 0.681607224, 0.75), (-0.38187146, -0.75, 0.55562854), (-0.375, -0.75, 0.552326602), (-0.375, -0.73001464, 0.5625), (-0.38187146, -0.75, 0.55562854), (-0.391201679, -0.75, 0.5625), (-0.375, -0.73001464, 0.5625), (-0.492682947, -0.75, 0.632317053), (-0.391201679, -0.75, 0.5625), (-0.451780998, -0.639280998, 0.673219002), (-0.391201679, -0.75, 0.5625), (-0.451780998, -0.639280998, 0.673219002), (-0.375, -0.73001464, 0.5625), (-0.375, -0.5625, 0.662513342), (-0.451780998, -0.639280998, 0.673219002), (-0.375, -0.5625, 0.662513342), (-0.420091974, -0.5625, 0.704908026), (-0.451780998, -0.639280998, 0.673219002), (-0.420091974, -0.5625, 0.704908026), (-0.462486658, -0.5625, 0.75), (-0.5625, -0.75, 0.68732483), (-0.451780998, -0.639280998, 0.673219002), (-0.5625, -0.677294434, 0.75), (-0.462486658, -0.5625, 0.75), (-0.5625, -0.75, 0.68732483), (-0.492682947, -0.75, 0.632317053), (-0.451780998, -0.639280998, 0.673219002), (-0.420091974, -0.5625, 0.704908026), (-0.375, -0.5625, 0.662513342), (-0.375, -0.408490587, 0.75), (-0.420091974, -0.5625, 0.704908026), (-0.462486658, -0.5625, 0.75), (-0.375, -0.408490587, 0.75), (-0.411650391, 0.338349609, 0.150849609), (-0.375, 0.302761003, 0.1875), (-0.375, 0.327818881, 0.140318881), (-0.411650391, 0.338349609, 0.150849609), (-0.375, 0.327818881, 0.140318881), (-0.375, 0.375, 0.0358597455), (-0.411650391, 0.338349609, 0.150849609), (-0.375, 0.375, 0.0358597455), (-0.463906288, 0.375, 0.0985937116), (-0.411650391, 0.338349609, 0.150849609), (-0.463906288, 0.375, 0.0985937116), (-0.493184884, 0.375, 0.1875), (-0.411650391, 0.338349609, 0.150849609), (-0.493184884, 0.375, 0.1875), (-0.417121344, 0.332878656, 0.1875), (-0.411650391, 0.338349609, 0.150849609), (-0.417121344, 0.332878656, 0.1875), (-0.375, 0.302761003, 0.1875), (-0.429869073, 0.320130927, 0.320130927), (-0.375, 0.252821802, 0.375), (-0.375, 0.286450237, 0.286450237), (-0.417121344, 0.332878656, 0.1875), (-0.429869073, 0.320130927, 0.320130927), (-0.375, 0.302761003, 0.1875), (-0.375, 0.286450237, 0.286450237), (-0.417121344, 0.332878656, 0.1875), (-0.429869073, 0.320130927, 0.320130927), (-0.493184884, 0.375, 0.1875), (-0.507907387, 0.375, 0.242092613), (-0.429869073, 0.320130927, 0.320130927), (-0.507907387, 0.375, 0.242092613), (-0.497178198, 0.375, 0.375), (-0.429869073, 0.320130927, 0.320130927), (-0.497178198, 0.375, 0.375), (-0.432551582, 0.317448418, 0.375), (-0.429869073, 0.320130927, 0.320130927), (-0.432551582, 0.317448418, 0.375), (-0.375, 0.252821802, 0.375), (-0.418762316, 0.331237684, 0.518737684), (-0.375, 0.258992366, 0.5625), (-0.375, 0.269527588, 0.457027588), (-0.432551582, 0.317448418, 0.375), (-0.418762316, 0.331237684, 0.518737684), (-0.375, 0.252821802, 0.375), (-0.375, 0.269527588, 0.457027588), (-0.432551582, 0.317448418, 0.375), (-0.418762316, 0.331237684, 0.518737684), (-0.497178198, 0.375, 0.375), (-0.480472412, 0.375, 0.457027588), (-0.418762316, 0.331237684, 0.518737684), (-0.480472412, 0.375, 0.457027588), (-0.445946714, 0.375, 0.5625), (-0.418762316, 0.331237684, 0.518737684), (-0.445946714, 0.375, 0.5625), (-0.416358465, 0.333641535, 0.5625), (-0.418762316, 0.331237684, 0.518737684), (-0.416358465, 0.333641535, 0.5625), (-0.375, 0.258992366, 0.5625), (-0.416358465, 0.333641535, 0.5625), (-0.375, 0.258992366, 0.5625), (-0.375, 0.375, 0.70949181), (-0.416358465, 0.333641535, 0.5625), (-0.445946714, 0.375, 0.5625), (-0.375, 0.375, 0.70949181), (-0.391418283, 0.546081717, -0.203918283), (-0.375, 0.534438532, -0.1875), (-0.375, 0.547656781, -0.202343219), (-0.391418283, 0.546081717, -0.203918283), (-0.375, 0.547656781, -0.202343219), (-0.375, 0.5625, -0.215561468), (-0.391418283, 0.546081717, -0.203918283), (-0.375, 0.5625, -0.215561468), (-0.417848961, 0.5625, -0.230348961), (-0.5625, 0.536684248, -0.213315752), (-0.391418283, 0.546081717, -0.203918283), (-0.5625, 0.5625, -0.249401019), (-0.417848961, 0.5625, -0.230348961), (-0.5625, 0.536684248, -0.213315752), (-0.391418283, 0.546081717, -0.203918283), (-0.5625, 0.522381344, -0.1875), (-0.401363593, 0.536136407, -0.1875), (-0.391418283, 0.546081717, -0.203918283), (-0.401363593, 0.536136407, -0.1875), (-0.375, 0.534438532, -0.1875), (-0.470143644, 0.467356356, -0.0951436442), (-0.375, 0.392352575, 0), (-0.375, 0.46393832, -0.09856168), (-0.401363593, 0.536136407, -0.1875), (-0.470143644, 0.467356356, -0.0951436442), (-0.375, 0.534438532, -0.1875), (-0.375, 0.46393832, -0.09856168), (-0.401363593, 0.536136407, -0.1875), (-0.5625, 0.522381344, -0.1875), (-0.470143644, 0.467356356, -0.0951436442), (-0.5625, 0.522381344, -0.1875), (-0.5625, 0.477934008, -0.0845659924), (-0.470143644, 0.467356356, -0.0951436442), (-0.5625, 0.477934008, -0.0845659924), (-0.470143644, 0.467356356, -0.0951436442), (-0.5625, 0.445290996, 0), (-0.501838448, 0.435661552, 0), (-0.470143644, 0.467356356, -0.0951436442), (-0.501838448, 0.435661552, 0), (-0.375, 0.392352575, 0), (-0.463906288, 0.375, 0.0985937116), (-0.516996754, 0.420503246, 0.0455032459), (-0.375, 0.375, 0.0358597455), (-0.375, 0.386993169, 0.0119931688), (-0.501838448, 0.435661552, 0), (-0.516996754, 0.420503246, 0.0455032459), (-0.375, 0.392352575, 0), (-0.375, 0.386993169, 0.0119931688), (-0.501838448, 0.435661552, 0), (-0.5625, 0.445290996, 0), (-0.516996754, 0.420503246, 0.0455032459), (-0.5625, 0.445290996, 0), (-0.5625, 0.436409175, 0.0614091746), (-0.516996754, 0.420503246, 0.0455032459), (-0.5625, 0.436409175, 0.0614091746), (-0.516996754, 0.420503246, 0.0455032459), (-0.5625, 0.413403197, 0.1875), (-0.535327946, 0.402172054, 0.1875), (-0.463906288, 0.375, 0.0985937116), (-0.516996754, 0.420503246, 0.0455032459), (-0.493184884, 0.375, 0.1875), (-0.535327946, 0.402172054, 0.1875), (-0.507907387, 0.375, 0.242092613), (-0.493184884, 0.375, 0.1875), (-0.536351807, 0.401148193, 0.213648193), (-0.493184884, 0.375, 0.1875), (-0.535327946, 0.402172054, 0.1875), (-0.536351807, 0.401148193, 0.213648193), (-0.535327946, 0.402172054, 0.1875), (-0.5625, 0.413403197, 0.1875), (-0.536351807, 0.401148193, 0.213648193), (-0.5625, 0.413403197, 0.1875), (-0.5625, 0.420493122, 0.232993122), (-0.536351807, 0.401148193, 0.213648193), (-0.5625, 0.420493122, 0.232993122), (-0.536351807, 0.401148193, 0.213648193), (-0.5625, 0.430176399, 0.375), (-0.529839099, 0.407660901, 0.375), (-0.507907387, 0.375, 0.242092613), (-0.536351807, 0.401148193, 0.213648193), (-0.497178198, 0.375, 0.375), (-0.529839099, 0.407660901, 0.375), (-0.480472412, 0.375, 0.457027588), (-0.497178198, 0.375, 0.375), (-0.521989533, 0.415510467, 0.415510467), (-0.497178198, 0.375, 0.375), (-0.529839099, 0.407660901, 0.375), (-0.521989533, 0.415510467, 0.415510467), (-0.529839099, 0.407660901, 0.375), (-0.5625, 0.430176399, 0.375), (-0.521989533, 0.415510467, 0.415510467), (-0.5625, 0.430176399, 0.375), (-0.5625, 0.481653541, 0.481653541), (-0.521989533, 0.415510467, 0.415510467), (-0.5625, 0.481653541, 0.481653541), (-0.521989533, 0.415510467, 0.415510467), (-0.5625, 0.51298419, 0.5625), (-0.493507905, 0.443992095, 0.5625), (-0.480472412, 0.375, 0.457027588), (-0.521989533, 0.415510467, 0.415510467), (-0.445946714, 0.375, 0.5625), (-0.493507905, 0.443992095, 0.5625), (-0.445946714, 0.375, 0.5625), (-0.448644659, 0.488855341, 0.676355341), (-0.375, 0.375, 0.70949181), (-0.375, 0.413612496, 0.75), (-0.445946714, 0.375, 0.5625), (-0.493507905, 0.443992095, 0.5625), (-0.448644659, 0.488855341, 0.676355341), (-0.493507905, 0.443992095, 0.5625), (-0.5625, 0.51298419, 0.5625), (-0.448644659, 0.488855341, 0.676355341), (-0.5625, 0.51298419, 0.5625), (-0.448644659, 0.488855341, 0.676355341), (-0.5625, 0.5625, 0.620637767), (-0.458913015, 0.5625, 0.75), (-0.448644659, 0.488855341, 0.676355341), (-0.458913015, 0.5625, 0.75), (-0.423323809, 0.514176191, 0.75), (-0.448644659, 0.488855341, 0.676355341), (-0.423323809, 0.514176191, 0.75), (-0.375, 0.413612496, 0.75), (-0.5625, 0.704908026, -0.420091974), (-0.5625, 0.75, -0.462486658), (-0.408490587, 0.75, -0.375), (-0.5625, 0.704908026, -0.420091974), (-0.5625, 0.662513342, -0.375), (-0.408490587, 0.75, -0.375), (-0.417848961, 0.5625, -0.230348961), (-0.497033181, 0.627966819, -0.309533181), (-0.375, 0.5625, -0.215561468), (-0.375, 0.651466753, -0.286033247), (-0.497033181, 0.627966819, -0.309533181), (-0.375, 0.651466753, -0.286033247), (-0.375, 0.75, -0.357637846), (-0.5625, 0.662513342, -0.375), (-0.497033181, 0.627966819, -0.309533181), (-0.408490587, 0.75, -0.375), (-0.375, 0.75, -0.357637846), (-0.5625, 0.662513342, -0.375), (-0.5625, 0.616965073, -0.320534927), (-0.497033181, 0.627966819, -0.309533181), (-0.5625, 0.616965073, -0.320534927), (-0.5625, 0.5625, -0.249401019), (-0.497033181, 0.627966819, -0.309533181), (-0.5625, 0.5625, -0.249401019), (-0.417848961, 0.5625, -0.230348961), (-0.497033181, 0.627966819, -0.309533181), (-0.5625, 0.5625, 0.620637767), (-0.5625, 0.681607224, 0.75), (-0.500322426, 0.624677574, 0.75), (-0.5625, 0.5625, 0.620637767), (-0.458913015, 0.5625, 0.75), (-0.500322426, 0.624677574, 0.75), (-0.24996674, -0.75, 0.50003326), (-0.223423355, -0.598423355, 0.526576645), (-0.1875, -0.75, 0.481854611), (-0.1875, -0.611931366, 0.513068634), (-0.223423355, -0.598423355, 0.526576645), (-0.1875, -0.611931366, 0.513068634), (-0.1875, -0.5625, 0.522381344), (-0.223423355, -0.598423355, 0.526576645), (-0.1875, -0.5625, 0.522381344), (-0.213315752, -0.5625, 0.536684248), (-0.223423355, -0.598423355, 0.526576645), (-0.213315752, -0.5625, 0.536684248), (-0.249401019, -0.5625, 0.5625), (-0.375, -0.75, 0.552326602), (-0.223423355, -0.598423355, 0.526576645), (-0.375, -0.73001464, 0.5625), (-0.249401019, -0.5625, 0.5625), (-0.375, -0.75, 0.552326602), (-0.24996674, -0.75, 0.50003326), (-0.223423355, -0.598423355, 0.526576645), (-0.375, -0.73001464, 0.5625), (-0.249401019, -0.5625, 0.5625), (-0.320534927, -0.5625, 0.616965073), (-0.375, -0.73001464, 0.5625), (-0.375, -0.5625, 0.662513342), (-0.320534927, -0.5625, 0.616965073), (-0.213315752, -0.5625, 0.536684248), (-0.203918283, -0.391418283, 0.546081717), (-0.1875, -0.5625, 0.522381344), (-0.1875, -0.401363593, 0.536136407), (-0.203918283, -0.391418283, 0.546081717), (-0.1875, -0.401363593, 0.536136407), (-0.1875, -0.375, 0.534438532), (-0.203918283, -0.391418283, 0.546081717), (-0.1875, -0.375, 0.534438532), (-0.202343219, -0.375, 0.547656781), (-0.203918283, -0.391418283, 0.546081717), (-0.202343219, -0.375, 0.547656781), (-0.215561468, -0.375, 0.5625), (-0.203918283, -0.391418283, 0.546081717), (-0.215561468, -0.375, 0.5625), (-0.230348961, -0.417848961, 0.5625), (-0.213315752, -0.5625, 0.536684248), (-0.203918283, -0.391418283, 0.546081717), (-0.249401019, -0.5625, 0.5625), (-0.230348961, -0.417848961, 0.5625), (-0.320534927, -0.5625, 0.616965073), (-0.249401019, -0.5625, 0.5625), (-0.309533181, -0.497033181, 0.627966819), (-0.249401019, -0.5625, 0.5625), (-0.230348961, -0.417848961, 0.5625), (-0.309533181, -0.497033181, 0.627966819), (-0.230348961, -0.417848961, 0.5625), (-0.309533181, -0.497033181, 0.627966819), (-0.215561468, -0.375, 0.5625), (-0.286033247, -0.375, 0.651466753), (-0.309533181, -0.497033181, 0.627966819), (-0.286033247, -0.375, 0.651466753), (-0.357637846, -0.375, 0.75), (-0.375, -0.5625, 0.662513342), (-0.309533181, -0.497033181, 0.627966819), (-0.375, -0.408490587, 0.75), (-0.357637846, -0.375, 0.75), (-0.375, -0.5625, 0.662513342), (-0.320534927, -0.5625, 0.616965073), (-0.309533181, -0.497033181, 0.627966819), (-0.202343219, -0.375, 0.547656781), (-0.210390842, -0.210390842, 0.539609158), (-0.1875, -0.375, 0.534438532), (-0.1875, -0.229051006, 0.520948994), (-0.210390842, -0.210390842, 0.539609158), (-0.1875, -0.229051006, 0.520948994), (-0.1875, -0.1875, 0.502317781), (-0.210390842, -0.210390842, 0.539609158), (-0.1875, -0.1875, 0.502317781), (-0.21259098, -0.1875, 0.53740902), (-0.210390842, -0.210390842, 0.539609158), (-0.21259098, -0.1875, 0.53740902), (-0.226485492, -0.1875, 0.5625), (-0.210390842, -0.210390842, 0.539609158), (-0.226485492, -0.1875, 0.5625), (-0.229051006, -0.229051006, 0.5625), (-0.202343219, -0.375, 0.547656781), (-0.210390842, -0.210390842, 0.539609158), (-0.215561468, -0.375, 0.5625), (-0.229051006, -0.229051006, 0.5625), (-0.286033247, -0.375, 0.651466753), (-0.215561468, -0.375, 0.5625), (-0.275034486, -0.275034486, 0.662465514), (-0.215561468, -0.375, 0.5625), (-0.229051006, -0.229051006, 0.5625), (-0.275034486, -0.275034486, 0.662465514), (-0.229051006, -0.229051006, 0.5625), (-0.275034486, -0.275034486, 0.662465514), (-0.226485492, -0.1875, 0.5625), (-0.271259174, -0.1875, 0.666240826), (-0.275034486, -0.275034486, 0.662465514), (-0.271259174, -0.1875, 0.666240826), (-0.303630665, -0.1875, 0.75), (-0.275034486, -0.275034486, 0.662465514), (-0.303630665, -0.1875, 0.75), (-0.353565727, -0.353565727, 0.75), (-0.286033247, -0.375, 0.651466753), (-0.275034486, -0.275034486, 0.662465514), (-0.357637846, -0.375, 0.75), (-0.353565727, -0.353565727, 0.75), (-0.191350451, -0.00385045123, 0.371149549), (-0.1875, -0.016091674, 0.375), (-0.1875, -0.0062140023, 0.368785998), (-0.191350451, -0.00385045123, 0.371149549), (-0.1875, -0.0062140023, 0.368785998), (-0.1875, 0, 0.362057077), (-0.191350451, -0.00385045123, 0.371149549), (-0.1875, 0, 0.362057077), (-0.192981028, 0, 0.369518972), (-0.191350451, -0.00385045123, 0.371149549), (-0.192981028, 0, 0.369518972), (-0.195602926, 0, 0.375), (-0.191350451, -0.00385045123, 0.371149549), (-0.195602926, 0, 0.375), (-0.193081794, -0.00558179417, 0.375), (-0.191350451, -0.00385045123, 0.371149549), (-0.193081794, -0.00558179417, 0.375), (-0.1875, -0.016091674, 0.375), (-0.21259098, -0.1875, 0.53740902), (-0.233685558, -0.0461855578, 0.516314442), (-0.1875, -0.1875, 0.502317781), (-0.1875, -0.0937490615, 0.468750939), (-0.193081794, -0.00558179417, 0.375), (-0.233685558, -0.0461855578, 0.516314442), (-0.1875, -0.016091674, 0.375), (-0.1875, -0.0937490615, 0.468750939), (-0.193081794, -0.00558179417, 0.375), (-0.233685558, -0.0461855578, 0.516314442), (-0.195602926, 0, 0.375), (-0.248406149, 0, 0.501593851), (-0.233685558, -0.0461855578, 0.516314442), (-0.248406149, 0, 0.501593851), (-0.266078433, 0, 0.5625), (-0.233685558, -0.0461855578, 0.516314442), (-0.266078433, 0, 0.5625), (-0.254446327, -0.0669463268, 0.5625), (-0.21259098, -0.1875, 0.53740902), (-0.233685558, -0.0461855578, 0.516314442), (-0.226485492, -0.1875, 0.5625), (-0.254446327, -0.0669463268, 0.5625), (-0.271259174, -0.1875, 0.666240826), (-0.226485492, -0.1875, 0.5625), (-0.266583219, -0.0790832194, 0.670916781), (-0.226485492, -0.1875, 0.5625), (-0.254446327, -0.0669463268, 0.5625), (-0.266583219, -0.0790832194, 0.670916781), (-0.254446327, -0.0669463268, 0.5625), (-0.266583219, -0.0790832194, 0.670916781), (-0.266078433, 0, 0.5625), (-0.278728308, 0, 0.658771692), (-0.266583219, -0.0790832194, 0.670916781), (-0.278728308, 0, 0.658771692), (-0.287612207, 0, 0.75), (-0.266583219, -0.0790832194, 0.670916781), (-0.287612207, 0, 0.75), (-0.29909147, -0.11159147, 0.75), (-0.271259174, -0.1875, 0.666240826), (-0.266583219, -0.0790832194, 0.670916781), (-0.303630665, -0.1875, 0.75), (-0.29909147, -0.11159147, 0.75), (-0.205898423, 0.169101577, 0.169101577), (-0.1875, 0.136528447, 0.1875), (-0.1875, 0.161000303, 0.161000303), (-0.205898423, 0.169101577, 0.169101577), (-0.1875, 0.161000303, 0.161000303), (-0.1875, 0.1875, 0.127317781), (-0.205898423, 0.169101577, 0.169101577), (-0.1875, 0.1875, 0.127317781), (-0.218788247, 0.1875, 0.156211753), (-0.205898423, 0.169101577, 0.169101577), (-0.218788247, 0.1875, 0.156211753), (-0.238471553, 0.1875, 0.1875), (-0.205898423, 0.169101577, 0.169101577), (-0.238471553, 0.1875, 0.1875), (-0.212185814, 0.162814186, 0.1875), (-0.205898423, 0.169101577, 0.169101577), (-0.212185814, 0.162814186, 0.1875), (-0.1875, 0.136528447, 0.1875), (-0.192981028, 0, 0.369518972), (-0.247130712, 0.127869288, 0.315369288), (-0.1875, 0, 0.362057077), (-0.1875, 0.0872785386, 0.274778539), (-0.212185814, 0.162814186, 0.1875), (-0.247130712, 0.127869288, 0.315369288), (-0.1875, 0.136528447, 0.1875), (-0.1875, 0.0872785386, 0.274778539), (-0.212185814, 0.162814186, 0.1875), (-0.247130712, 0.127869288, 0.315369288), (-0.238471553, 0.1875, 0.1875), (-0.287721461, 0.1875, 0.274778539), (-0.247130712, 0.127869288, 0.315369288), (-0.287721461, 0.1875, 0.274778539), (-0.31985357, 0.1875, 0.375), (-0.247130712, 0.127869288, 0.315369288), (-0.31985357, 0.1875, 0.375), (-0.264673139, 0.110326861, 0.375), (-0.192981028, 0, 0.369518972), (-0.247130712, 0.127869288, 0.315369288), (-0.195602926, 0, 0.375), (-0.264673139, 0.110326861, 0.375), (-0.248406149, 0, 0.501593851), (-0.195602926, 0, 0.375), (-0.274347303, 0.100652697, 0.475652697), (-0.195602926, 0, 0.375), (-0.264673139, 0.110326861, 0.375), (-0.274347303, 0.100652697, 0.475652697), (-0.264673139, 0.110326861, 0.375), (-0.274347303, 0.100652697, 0.475652697), (-0.31985357, 0.1875, 0.375), (-0.327657428, 0.1875, 0.422342572), (-0.274347303, 0.100652697, 0.475652697), (-0.327657428, 0.1875, 0.422342572), (-0.335410014, 0.1875, 0.5625), (-0.274347303, 0.100652697, 0.475652697), (-0.335410014, 0.1875, 0.5625), (-0.293258415, 0.081741585, 0.5625), (-0.248406149, 0, 0.501593851), (-0.274347303, 0.100652697, 0.475652697), (-0.266078433, 0, 0.5625), (-0.293258415, 0.081741585, 0.5625), (-0.278728308, 0, 0.658771692), (-0.266078433, 0, 0.5625), (-0.283013097, 0.0919869035, 0.654486903), (-0.266078433, 0, 0.5625), (-0.293258415, 0.081741585, 0.5625), (-0.283013097, 0.0919869035, 0.654486903), (-0.293258415, 0.081741585, 0.5625), (-0.283013097, 0.0919869035, 0.654486903), (-0.335410014, 0.1875, 0.5625), (-0.328105247, 0.1875, 0.609394753), (-0.283013097, 0.0919869035, 0.654486903), (-0.328105247, 0.1875, 0.609394753), (-0.30246297, 0.1875, 0.75), (-0.283013097, 0.0919869035, 0.654486903), (-0.30246297, 0.1875, 0.75), (-0.291861931, 0.0831380685, 0.75), (-0.278728308, 0, 0.658771692), (-0.283013097, 0.0919869035, 0.654486903), (-0.287612207, 0, 0.75), (-0.291861931, 0.0831380685, 0.75), (-0.222424516, 0.340075484, -0.0349245165), (-0.1875, 0.288768873, 0), (-0.1875, 0.330531099, -0.0444689012), (-0.222424516, 0.340075484, -0.0349245165), (-0.1875, 0.330531099, -0.0444689012), (-0.1875, 0.375, -0.0862311272), (-0.222424516, 0.340075484, -0.0349245165), (-0.1875, 0.375, -0.0862311272), (-0.251061644, 0.375, -0.0635616444), (-0.222424516, 0.340075484, -0.0349245165), (-0.251061644, 0.375, -0.0635616444), (-0.341140915, 0.375, 0), (-0.222424516, 0.340075484, -0.0349245165), (-0.341140915, 0.375, 0), (-0.237214241, 0.325285759, 0), (-0.222424516, 0.340075484, -0.0349245165), (-0.237214241, 0.325285759, 0), (-0.1875, 0.288768873, 0), (-0.218788247, 0.1875, 0.156211753), (-0.278204777, 0.284295223, 0.0967952228), (-0.1875, 0.1875, 0.127317781), (-0.1875, 0.245883849, 0.0583838492), (-0.237214241, 0.325285759, 0), (-0.278204777, 0.284295223, 0.0967952228), (-0.1875, 0.288768873, 0), (-0.1875, 0.245883849, 0.0583838492), (-0.237214241, 0.325285759, 0), (-0.278204777, 0.284295223, 0.0967952228), (-0.341140915, 0.375, 0), (-0.360334433, 0.375, 0.0146655667), (-0.375, 0.327818881, 0.140318881), (-0.278204777, 0.284295223, 0.0967952228), (-0.375, 0.375, 0.0358597455), (-0.360334433, 0.375, 0.0146655667), (-0.375, 0.327818881, 0.140318881), (-0.278204777, 0.284295223, 0.0967952228), (-0.375, 0.302761003, 0.1875), (-0.306735777, 0.255764223, 0.1875), (-0.218788247, 0.1875, 0.156211753), (-0.278204777, 0.284295223, 0.0967952228), (-0.238471553, 0.1875, 0.1875), (-0.306735777, 0.255764223, 0.1875), (-0.287721461, 0.1875, 0.274778539), (-0.238471553, 0.1875, 0.1875), (-0.317629533, 0.244870467, 0.244870467), (-0.238471553, 0.1875, 0.1875), (-0.306735777, 0.255764223, 0.1875), (-0.317629533, 0.244870467, 0.244870467), (-0.306735777, 0.255764223, 0.1875), (-0.375, 0.302761003, 0.1875), (-0.317629533, 0.244870467, 0.244870467), (-0.375, 0.302761003, 0.1875), (-0.375, 0.286450237, 0.286450237), (-0.317629533, 0.244870467, 0.244870467), (-0.375, 0.286450237, 0.286450237), (-0.317629533, 0.244870467, 0.244870467), (-0.375, 0.252821802, 0.375), (-0.342339099, 0.220160901, 0.375), (-0.287721461, 0.1875, 0.274778539), (-0.317629533, 0.244870467, 0.244870467), (-0.31985357, 0.1875, 0.375), (-0.342339099, 0.220160901, 0.375), (-0.327657428, 0.1875, 0.422342572), (-0.31985357, 0.1875, 0.375), (-0.340965344, 0.221534656, 0.409034656), (-0.31985357, 0.1875, 0.375), (-0.342339099, 0.220160901, 0.375), (-0.340965344, 0.221534656, 0.409034656), (-0.342339099, 0.220160901, 0.375), (-0.375, 0.252821802, 0.375), (-0.340965344, 0.221534656, 0.409034656), (-0.375, 0.252821802, 0.375), (-0.375, 0.269527588, 0.457027588), (-0.340965344, 0.221534656, 0.409034656), (-0.375, 0.269527588, 0.457027588), (-0.340965344, 0.221534656, 0.409034656), (-0.375, 0.258992366, 0.5625), (-0.346974447, 0.215525553, 0.5625), (-0.327657428, 0.1875, 0.422342572), (-0.340965344, 0.221534656, 0.409034656), (-0.335410014, 0.1875, 0.5625), (-0.346974447, 0.215525553, 0.5625), (-0.328105247, 0.1875, 0.609394753), (-0.335410014, 0.1875, 0.5625), (-0.335729506, 0.226770494, 0.601770494), (-0.335410014, 0.1875, 0.5625), (-0.346974447, 0.215525553, 0.5625), (-0.335729506, 0.226770494, 0.601770494), (-0.346974447, 0.215525553, 0.5625), (-0.375, 0.258992366, 0.5625), (-0.335729506, 0.226770494, 0.601770494), (-0.375, 0.258992366, 0.5625), (-0.335729506, 0.226770494, 0.601770494), (-0.375, 0.375, 0.70949181), (-0.355139725, 0.375, 0.75), (-0.335729506, 0.226770494, 0.601770494), (-0.355139725, 0.375, 0.75), (-0.312400107, 0.250099893, 0.75), (-0.328105247, 0.1875, 0.609394753), (-0.335729506, 0.226770494, 0.601770494), (-0.30246297, 0.1875, 0.75), (-0.312400107, 0.250099893, 0.75), (-0.210390842, 0.539609158, -0.210390842), (-0.1875, 0.502317781, -0.1875), (-0.1875, 0.53740902, -0.21259098), (-0.210390842, 0.539609158, -0.210390842), (-0.1875, 0.53740902, -0.21259098), (-0.1875, 0.5625, -0.226485492), (-0.210390842, 0.539609158, -0.210390842), (-0.1875, 0.5625, -0.226485492), (-0.229051006, 0.5625, -0.229051006), (-0.375, 0.547656781, -0.202343219), (-0.210390842, 0.539609158, -0.210390842), (-0.375, 0.5625, -0.215561468), (-0.229051006, 0.5625, -0.229051006), (-0.375, 0.547656781, -0.202343219), (-0.210390842, 0.539609158, -0.210390842), (-0.375, 0.534438532, -0.1875), (-0.229051006, 0.520948994, -0.1875), (-0.210390842, 0.539609158, -0.210390842), (-0.229051006, 0.520948994, -0.1875), (-0.1875, 0.502317781, -0.1875), (-0.251061644, 0.375, -0.0635616444), (-0.298314442, 0.451685558, -0.110814442), (-0.1875, 0.375, -0.0862311272), (-0.1875, 0.430158691, -0.132341309), (-0.229051006, 0.520948994, -0.1875), (-0.298314442, 0.451685558, -0.110814442), (-0.1875, 0.502317781, -0.1875), (-0.1875, 0.430158691, -0.132341309), (-0.229051006, 0.520948994, -0.1875), (-0.375, 0.534438532, -0.1875), (-0.298314442, 0.451685558, -0.110814442), (-0.375, 0.534438532, -0.1875), (-0.375, 0.46393832, -0.09856168), (-0.298314442, 0.451685558, -0.110814442), (-0.375, 0.46393832, -0.09856168), (-0.298314442, 0.451685558, -0.110814442), (-0.375, 0.392352575, 0), (-0.361398965, 0.388601035, 0), (-0.251061644, 0.375, -0.0635616444), (-0.298314442, 0.451685558, -0.110814442), (-0.341140915, 0.375, 0), (-0.361398965, 0.388601035, 0), (-0.360334433, 0.375, 0.0146655667), (-0.341140915, 0.375, 0), (-0.365912612, 0.384087388, 0.00908738793), (-0.341140915, 0.375, 0), (-0.361398965, 0.388601035, 0), (-0.365912612, 0.384087388, 0.00908738793), (-0.361398965, 0.388601035, 0), (-0.375, 0.392352575, 0), (-0.365912612, 0.384087388, 0.00908738793), (-0.375, 0.392352575, 0), (-0.375, 0.386993169, 0.0119931688), (-0.365912612, 0.384087388, 0.00908738793), (-0.375, 0.386993169, 0.0119931688), (-0.375, 0.375, 0.0358597455), (-0.365912612, 0.384087388, 0.00908738793), (-0.375, 0.375, 0.0358597455), (-0.360334433, 0.375, 0.0146655667), (-0.365912612, 0.384087388, 0.00908738793), (-0.375, 0.375, 0.70949181), (-0.375, 0.413612496, 0.75), (-0.359454422, 0.390545578, 0.75), (-0.375, 0.375, 0.70949181), (-0.355139725, 0.375, 0.75), (-0.359454422, 0.390545578, 0.75), (-0.229051006, 0.5625, -0.229051006), (-0.275034486, 0.662465514, -0.275034486), (-0.1875, 0.5625, -0.226485492), (-0.1875, 0.666240826, -0.271259174), (-0.275034486, 0.662465514, -0.275034486), (-0.1875, 0.666240826, -0.271259174), (-0.1875, 0.75, -0.303630665), (-0.275034486, 0.662465514, -0.275034486), (-0.1875, 0.75, -0.303630665), (-0.353565727, 0.75, -0.353565727), (-0.375, 0.651466753, -0.286033247), (-0.275034486, 0.662465514, -0.275034486), (-0.375, 0.75, -0.357637846), (-0.353565727, 0.75, -0.353565727), (-0.375, 0.651466753, -0.286033247), (-0.375, 0.5625, -0.215561468), (-0.275034486, 0.662465514, -0.275034486), (-0.375, 0.5625, -0.215561468), (-0.229051006, 0.5625, -0.229051006), (-0.275034486, 0.662465514, -0.275034486), (-0.0930698697, -0.75, 0.46943013), (-0.0973791382, -0.659879138, 0.465120862), (0, -0.75, 0.460401637), (0, -0.668854842, 0.456145158), (-0.0973791382, -0.659879138, 0.465120862), (0, -0.668854842, 0.456145158), (0, -0.5625, 0.445290996), (-0.0973791382, -0.659879138, 0.465120862), (0, -0.5625, 0.445290996), (-0.0845659924, -0.5625, 0.477934008), (-0.1875, -0.611931366, 0.513068634), (-0.0973791382, -0.659879138, 0.465120862), (-0.1875, -0.5625, 0.522381344), (-0.0845659924, -0.5625, 0.477934008), (-0.1875, -0.611931366, 0.513068634), (-0.1875, -0.75, 0.481854611), (-0.0973791382, -0.659879138, 0.465120862), (-0.1875, -0.75, 0.481854611), (-0.0930698697, -0.75, 0.46943013), (-0.0973791382, -0.659879138, 0.465120862), (-0.0845659924, -0.5625, 0.477934008), (-0.0951436442, -0.470143644, 0.467356356), (0, -0.5625, 0.445290996), (0, -0.501838448, 0.435661552), (-0.0951436442, -0.470143644, 0.467356356), (0, -0.501838448, 0.435661552), (0, -0.375, 0.392352575), (-0.0951436442, -0.470143644, 0.467356356), (0, -0.375, 0.392352575), (-0.09856168, -0.375, 0.46393832), (-0.1875, -0.401363593, 0.536136407), (-0.0951436442, -0.470143644, 0.467356356), (-0.1875, -0.375, 0.534438532), (-0.09856168, -0.375, 0.46393832), (-0.1875, -0.401363593, 0.536136407), (-0.1875, -0.5625, 0.522381344), (-0.0951436442, -0.470143644, 0.467356356), (-0.1875, -0.5625, 0.522381344), (-0.0845659924, -0.5625, 0.477934008), (-0.0951436442, -0.470143644, 0.467356356), (-0.0349245165, -0.222424516, 0.340075484), (0, -0.341140915, 0.375), (0, -0.237214241, 0.325285759), (-0.0349245165, -0.222424516, 0.340075484), (0, -0.237214241, 0.325285759), (0, -0.1875, 0.288768873), (-0.0349245165, -0.222424516, 0.340075484), (0, -0.1875, 0.288768873), (-0.0444689012, -0.1875, 0.330531099), (-0.0349245165, -0.222424516, 0.340075484), (-0.0444689012, -0.1875, 0.330531099), (-0.0862311272, -0.1875, 0.375), (-0.0349245165, -0.222424516, 0.340075484), (-0.0862311272, -0.1875, 0.375), (-0.0635616444, -0.251061644, 0.375), (-0.0349245165, -0.222424516, 0.340075484), (-0.0635616444, -0.251061644, 0.375), (0, -0.341140915, 0.375), (-0.09856168, -0.375, 0.46393832), (-0.110814442, -0.298314442, 0.451685558), (0, -0.375, 0.392352575), (0, -0.361398965, 0.388601035), (-0.0635616444, -0.251061644, 0.375), (-0.110814442, -0.298314442, 0.451685558), (0, -0.341140915, 0.375), (0, -0.361398965, 0.388601035), (-0.0635616444, -0.251061644, 0.375), (-0.110814442, -0.298314442, 0.451685558), (-0.0862311272, -0.1875, 0.375), (-0.132341309, -0.1875, 0.430158691), (-0.1875, -0.229051006, 0.520948994), (-0.110814442, -0.298314442, 0.451685558), (-0.1875, -0.1875, 0.502317781), (-0.132341309, -0.1875, 0.430158691), (-0.1875, -0.229051006, 0.520948994), (-0.1875, -0.375, 0.534438532), (-0.110814442, -0.298314442, 0.451685558), (-0.1875, -0.375, 0.534438532), (-0.09856168, -0.375, 0.46393832), (-0.110814442, -0.298314442, 0.451685558), (-0.0223431368, -0.0223431368, 0.165156863), (0, -0.0707323016, 0.1875), (0, -0.0326598217, 0.154840178), (-0.0223431368, -0.0223431368, 0.165156863), (0, -0.0326598217, 0.154840178), (0, 0, 0.122180357), (-0.0223431368, -0.0223431368, 0.165156863), (0, 0, 0.122180357), (-0.0326598217, 0, 0.154840178), (-0.0223431368, -0.0223431368, 0.165156863), (-0.0326598217, 0, 0.154840178), (-0.0606764876, 0, 0.1875), (-0.0223431368, -0.0223431368, 0.165156863), (-0.0606764876, 0, 0.1875), (-0.0339591523, -0.0339591523, 0.1875), (-0.0223431368, -0.0223431368, 0.165156863), (-0.0339591523, -0.0339591523, 0.1875), (0, -0.0707323016, 0.1875), (-0.0444689012, -0.1875, 0.330531099), (-0.080898423, -0.080898423, 0.294101577), (0, -0.1875, 0.288768873), (0, -0.126592631, 0.248407369), (-0.0339591523, -0.0339591523, 0.1875), (-0.080898423, -0.080898423, 0.294101577), (0, -0.0707323016, 0.1875), (0, -0.126592631, 0.248407369), (-0.0339591523, -0.0339591523, 0.1875), (-0.080898423, -0.080898423, 0.294101577), (-0.0606764876, 0, 0.1875), (-0.116519969, 0, 0.258480031), (-0.1875, -0.0062140023, 0.368785998), (-0.080898423, -0.080898423, 0.294101577), (-0.1875, 0, 0.362057077), (-0.116519969, 0, 0.258480031), (-0.1875, -0.0062140023, 0.368785998), (-0.080898423, -0.080898423, 0.294101577), (-0.1875, -0.016091674, 0.375), (-0.126592631, -0.126592631, 0.375), (-0.0444689012, -0.1875, 0.330531099), (-0.080898423, -0.080898423, 0.294101577), (-0.0862311272, -0.1875, 0.375), (-0.126592631, -0.126592631, 0.375), (-0.132341309, -0.1875, 0.430158691), (-0.0862311272, -0.1875, 0.375), (-0.141313517, -0.141313517, 0.421186483), (-0.0862311272, -0.1875, 0.375), (-0.126592631, -0.126592631, 0.375), (-0.141313517, -0.141313517, 0.421186483), (-0.126592631, -0.126592631, 0.375), (-0.1875, -0.016091674, 0.375), (-0.141313517, -0.141313517, 0.421186483), (-0.1875, -0.016091674, 0.375), (-0.1875, -0.0937490615, 0.468750939), (-0.141313517, -0.141313517, 0.421186483), (-0.1875, -0.0937490615, 0.468750939), (-0.1875, -0.1875, 0.502317781), (-0.141313517, -0.141313517, 0.421186483), (-0.1875, -0.1875, 0.502317781), (-0.132341309, -0.1875, 0.430158691), (-0.141313517, -0.141313517, 0.421186483), (-0.0223431368, 0.165156863, -0.0223431368), (0, 0.122180357, 0), (0, 0.154840178, -0.0326598217), (-0.0223431368, 0.165156863, -0.0223431368), (0, 0.154840178, -0.0326598217), (0, 0.1875, -0.0606764876), (-0.0223431368, 0.165156863, -0.0223431368), (0, 0.1875, -0.0606764876), (-0.0339591523, 0.1875, -0.0339591523), (-0.0223431368, 0.165156863, -0.0223431368), (-0.0339591523, 0.1875, -0.0339591523), (-0.0707323016, 0.1875, 0), (-0.0223431368, 0.165156863, -0.0223431368), (-0.0707323016, 0.1875, 0), (-0.0326598217, 0.154840178, 0), (-0.0223431368, 0.165156863, -0.0223431368), (-0.0326598217, 0.154840178, 0), (0, 0.122180357, 0), (-0.0326598217, 0, 0.154840178), (-0.0815712131, 0.105928787, 0.105928787), (0, 0, 0.122180357), (0, 0.0635205755, 0.0635205755), (-0.0326598217, 0.154840178, 0), (-0.0815712131, 0.105928787, 0.105928787), (0, 0.122180357, 0), (0, 0.0635205755, 0.0635205755), (-0.0326598217, 0.154840178, 0), (-0.0815712131, 0.105928787, 0.105928787), (-0.0707323016, 0.1875, 0), (-0.129116151, 0.1875, 0.0583838492), (-0.1875, 0.161000303, 0.161000303), (-0.0815712131, 0.105928787, 0.105928787), (-0.1875, 0.1875, 0.127317781), (-0.129116151, 0.1875, 0.0583838492), (-0.1875, 0.161000303, 0.161000303), (-0.0815712131, 0.105928787, 0.105928787), (-0.1875, 0.136528447, 0.1875), (-0.119235777, 0.0682642233, 0.1875), (-0.0326598217, 0, 0.154840178), (-0.0815712131, 0.105928787, 0.105928787), (-0.0606764876, 0, 0.1875), (-0.119235777, 0.0682642233, 0.1875), (-0.116519969, 0, 0.258480031), (-0.0606764876, 0, 0.1875), (-0.135570191, 0.0519298095, 0.239429809), (-0.0606764876, 0, 0.1875), (-0.119235777, 0.0682642233, 0.1875), (-0.135570191, 0.0519298095, 0.239429809), (-0.119235777, 0.0682642233, 0.1875), (-0.1875, 0.136528447, 0.1875), (-0.135570191, 0.0519298095, 0.239429809), (-0.1875, 0.136528447, 0.1875), (-0.1875, 0.0872785386, 0.274778539), (-0.135570191, 0.0519298095, 0.239429809), (-0.1875, 0.0872785386, 0.274778539), (-0.1875, 0, 0.362057077), (-0.135570191, 0.0519298095, 0.239429809), (-0.1875, 0, 0.362057077), (-0.116519969, 0, 0.258480031), (-0.135570191, 0.0519298095, 0.239429809), (-0.00385045123, 0.371149549, -0.191350451), (0, 0.362057077, -0.1875), (0, 0.369518972, -0.192981028), (-0.00385045123, 0.371149549, -0.191350451), (0, 0.369518972, -0.192981028), (0, 0.375, -0.195602926), (-0.00385045123, 0.371149549, -0.191350451), (0, 0.375, -0.195602926), (-0.00558179417, 0.375, -0.193081794), (-0.00385045123, 0.371149549, -0.191350451), (-0.00558179417, 0.375, -0.193081794), (-0.016091674, 0.375, -0.1875), (-0.00385045123, 0.371149549, -0.191350451), (-0.016091674, 0.375, -0.1875), (-0.0062140023, 0.368785998, -0.1875), (-0.00385045123, 0.371149549, -0.191350451), (-0.0062140023, 0.368785998, -0.1875), (0, 0.362057077, -0.1875), (-0.0339591523, 0.1875, -0.0339591523), (-0.080898423, 0.294101577, -0.080898423), (0, 0.1875, -0.0606764876), (0, 0.258480031, -0.116519969), (-0.0062140023, 0.368785998, -0.1875), (-0.080898423, 0.294101577, -0.080898423), (0, 0.362057077, -0.1875), (0, 0.258480031, -0.116519969), (-0.0062140023, 0.368785998, -0.1875), (-0.080898423, 0.294101577, -0.080898423), (-0.016091674, 0.375, -0.1875), (-0.126592631, 0.375, -0.126592631), (-0.1875, 0.330531099, -0.0444689012), (-0.080898423, 0.294101577, -0.080898423), (-0.1875, 0.375, -0.0862311272), (-0.126592631, 0.375, -0.126592631), (-0.1875, 0.330531099, -0.0444689012), (-0.080898423, 0.294101577, -0.080898423), (-0.1875, 0.288768873, 0), (-0.126592631, 0.248407369, 0), (-0.0339591523, 0.1875, -0.0339591523), (-0.080898423, 0.294101577, -0.080898423), (-0.0707323016, 0.1875, 0), (-0.126592631, 0.248407369, 0), (-0.129116151, 0.1875, 0.0583838492), (-0.0707323016, 0.1875, 0), (-0.146485038, 0.228514962, 0.0410149621), (-0.0707323016, 0.1875, 0), (-0.126592631, 0.248407369, 0), (-0.146485038, 0.228514962, 0.0410149621), (-0.126592631, 0.248407369, 0), (-0.1875, 0.288768873, 0), (-0.146485038, 0.228514962, 0.0410149621), (-0.1875, 0.288768873, 0), (-0.1875, 0.245883849, 0.0583838492), (-0.146485038, 0.228514962, 0.0410149621), (-0.1875, 0.245883849, 0.0583838492), (-0.1875, 0.1875, 0.127317781), (-0.146485038, 0.228514962, 0.0410149621), (-0.1875, 0.1875, 0.127317781), (-0.129116151, 0.1875, 0.0583838492), (-0.146485038, 0.228514962, 0.0410149621), (-0.00558179417, 0.375, -0.193081794), (-0.0461855578, 0.516314442, -0.233685558), (0, 0.375, -0.195602926), (0, 0.501593851, -0.248406149), (-0.0461855578, 0.516314442, -0.233685558), (0, 0.501593851, -0.248406149), (0, 0.5625, -0.266078433), (-0.0461855578, 0.516314442, -0.233685558), (0, 0.5625, -0.266078433), (-0.0669463268, 0.5625, -0.254446327), (-0.1875, 0.53740902, -0.21259098), (-0.0461855578, 0.516314442, -0.233685558), (-0.1875, 0.5625, -0.226485492), (-0.0669463268, 0.5625, -0.254446327), (-0.1875, 0.53740902, -0.21259098), (-0.0461855578, 0.516314442, -0.233685558), (-0.1875, 0.502317781, -0.1875), (-0.0937490615, 0.468750939, -0.1875), (-0.00558179417, 0.375, -0.193081794), (-0.0461855578, 0.516314442, -0.233685558), (-0.016091674, 0.375, -0.1875), (-0.0937490615, 0.468750939, -0.1875), (-0.126592631, 0.375, -0.126592631), (-0.016091674, 0.375, -0.1875), (-0.141313517, 0.421186483, -0.141313517), (-0.016091674, 0.375, -0.1875), (-0.0937490615, 0.468750939, -0.1875), (-0.141313517, 0.421186483, -0.141313517), (-0.0937490615, 0.468750939, -0.1875), (-0.1875, 0.502317781, -0.1875), (-0.141313517, 0.421186483, -0.141313517), (-0.1875, 0.502317781, -0.1875), (-0.1875, 0.430158691, -0.132341309), (-0.141313517, 0.421186483, -0.141313517), (-0.1875, 0.430158691, -0.132341309), (-0.1875, 0.375, -0.0862311272), (-0.141313517, 0.421186483, -0.141313517), (-0.1875, 0.375, -0.0862311272), (-0.126592631, 0.375, -0.126592631), (-0.141313517, 0.421186483, -0.141313517), (-0.0669463268, 0.5625, -0.254446327), (-0.0790832194, 0.670916781, -0.266583219), (0, 0.5625, -0.266078433), (0, 0.658771692, -0.278728308), (-0.0790832194, 0.670916781, -0.266583219), (0, 0.658771692, -0.278728308), (0, 0.75, -0.287612207), (-0.0790832194, 0.670916781, -0.266583219), (0, 0.75, -0.287612207), (-0.11159147, 0.75, -0.29909147), (-0.1875, 0.666240826, -0.271259174), (-0.0790832194, 0.670916781, -0.266583219), (-0.1875, 0.75, -0.303630665), (-0.11159147, 0.75, -0.29909147), (-0.1875, 0.666240826, -0.271259174), (-0.1875, 0.5625, -0.226485492), (-0.0790832194, 0.670916781, -0.266583219), (-0.1875, 0.5625, -0.226485492), (-0.0669463268, 0.5625, -0.254446327), (-0.0790832194, 0.670916781, -0.266583219), (0.0985594842, -0.75, 0.473559484), (0.0717311827, -0.678268817, 0.446731183), (0.1875, -0.75, 0.483004888), (0.1875, -0.669054533, 0.455945467), (0.0717311827, -0.678268817, 0.446731183), (0.1875, -0.669054533, 0.455945467), (0.1875, -0.5625, 0.413403197), (0.0717311827, -0.678268817, 0.446731183), (0.1875, -0.5625, 0.413403197), (0.0614091746, -0.5625, 0.436409175), (0, -0.668854842, 0.456145158), (0.0717311827, -0.678268817, 0.446731183), (0, -0.5625, 0.445290996), (0.0614091746, -0.5625, 0.436409175), (0, -0.668854842, 0.456145158), (0, -0.75, 0.460401637), (0.0717311827, -0.678268817, 0.446731183), (0, -0.75, 0.460401637), (0.0985594842, -0.75, 0.473559484), (0.0717311827, -0.678268817, 0.446731183), (0.150849609, -0.411650391, 0.338349609), (0.1875, -0.493184884, 0.375), (0.1875, -0.417121344, 0.332878656), (0.150849609, -0.411650391, 0.338349609), (0.1875, -0.417121344, 0.332878656), (0.1875, -0.375, 0.302761003), (0.150849609, -0.411650391, 0.338349609), (0.1875, -0.375, 0.302761003), (0.140318881, -0.375, 0.327818881), (0.150849609, -0.411650391, 0.338349609), (0.140318881, -0.375, 0.327818881), (0.0358597455, -0.375, 0.375), (0.150849609, -0.411650391, 0.338349609), (0.0358597455, -0.375, 0.375), (0.0985937116, -0.463906288, 0.375), (0.150849609, -0.411650391, 0.338349609), (0.0985937116, -0.463906288, 0.375), (0.1875, -0.493184884, 0.375), (0.0614091746, -0.5625, 0.436409175), (0.0455032459, -0.516996754, 0.420503246), (0.1875, -0.5625, 0.413403197), (0.1875, -0.535327946, 0.402172054), (0.0985937116, -0.463906288, 0.375), (0.0455032459, -0.516996754, 0.420503246), (0.1875, -0.493184884, 0.375), (0.1875, -0.535327946, 0.402172054), (0.0985937116, -0.463906288, 0.375), (0.0455032459, -0.516996754, 0.420503246), (0.0358597455, -0.375, 0.375), (0.0119931688, -0.375, 0.386993169), (0, -0.501838448, 0.435661552), (0.0455032459, -0.516996754, 0.420503246), (0, -0.375, 0.392352575), (0.0119931688, -0.375, 0.386993169), (0, -0.501838448, 0.435661552), (0, -0.5625, 0.445290996), (0.0455032459, -0.516996754, 0.420503246), (0, -0.5625, 0.445290996), (0.0614091746, -0.5625, 0.436409175), (0.0455032459, -0.516996754, 0.420503246), (0.169101577, -0.205898423, 0.169101577), (0.1875, -0.238471553, 0.1875), (0.1875, -0.212185814, 0.162814186), (0.169101577, -0.205898423, 0.169101577), (0.1875, -0.212185814, 0.162814186), (0.1875, -0.1875, 0.136528447), (0.169101577, -0.205898423, 0.169101577), (0.1875, -0.1875, 0.136528447), (0.161000303, -0.1875, 0.161000303), (0.169101577, -0.205898423, 0.169101577), (0.161000303, -0.1875, 0.161000303), (0.127317781, -0.1875, 0.1875), (0.169101577, -0.205898423, 0.169101577), (0.127317781, -0.1875, 0.1875), (0.156211753, -0.218788247, 0.1875), (0.169101577, -0.205898423, 0.169101577), (0.156211753, -0.218788247, 0.1875), (0.1875, -0.238471553, 0.1875), (0.140318881, -0.375, 0.327818881), (0.0967952228, -0.278204777, 0.284295223), (0.1875, -0.375, 0.302761003), (0.1875, -0.306735777, 0.255764223), (0.156211753, -0.218788247, 0.1875), (0.0967952228, -0.278204777, 0.284295223), (0.1875, -0.238471553, 0.1875), (0.1875, -0.306735777, 0.255764223), (0.156211753, -0.218788247, 0.1875), (0.0967952228, -0.278204777, 0.284295223), (0.127317781, -0.1875, 0.1875), (0.0583838492, -0.1875, 0.245883849), (0, -0.237214241, 0.325285759), (0.0967952228, -0.278204777, 0.284295223), (0, -0.1875, 0.288768873), (0.0583838492, -0.1875, 0.245883849), (0, -0.237214241, 0.325285759), (0.0967952228, -0.278204777, 0.284295223), (0, -0.341140915, 0.375), (0.0146655667, -0.360334433, 0.375), (0.140318881, -0.375, 0.327818881), (0.0967952228, -0.278204777, 0.284295223), (0.0358597455, -0.375, 0.375), (0.0146655667, -0.360334433, 0.375), (0.0119931688, -0.375, 0.386993169), (0.0358597455, -0.375, 0.375), (0.00908738793, -0.365912612, 0.384087388), (0.0358597455, -0.375, 0.375), (0.0146655667, -0.360334433, 0.375), (0.00908738793, -0.365912612, 0.384087388), (0.0146655667, -0.360334433, 0.375), (0, -0.341140915, 0.375), (0.00908738793, -0.365912612, 0.384087388), (0, -0.341140915, 0.375), (0, -0.361398965, 0.388601035), (0.00908738793, -0.365912612, 0.384087388), (0, -0.361398965, 0.388601035), (0, -0.375, 0.392352575), (0.00908738793, -0.365912612, 0.384087388), (0, -0.375, 0.392352575), (0.0119931688, -0.375, 0.386993169), (0.00908738793, -0.365912612, 0.384087388), (0.165156863, -0.0223431368, -0.0223431368), (0.1875, -0.0606764876, 0), (0.1875, -0.0339591523, -0.0339591523), (0.165156863, -0.0223431368, -0.0223431368), (0.1875, -0.0339591523, -0.0339591523), (0.1875, 0, -0.0707323016), (0.165156863, -0.0223431368, -0.0223431368), (0.1875, 0, -0.0707323016), (0.154840178, 0, -0.0326598217), (0.165156863, -0.0223431368, -0.0223431368), (0.154840178, 0, -0.0326598217), (0.122180357, 0, 0), (0.165156863, -0.0223431368, -0.0223431368), (0.122180357, 0, 0), (0.154840178, -0.0326598217, 0), (0.165156863, -0.0223431368, -0.0223431368), (0.154840178, -0.0326598217, 0), (0.1875, -0.0606764876, 0), (0.161000303, -0.1875, 0.161000303), (0.105928787, -0.0815712131, 0.105928787), (0.1875, -0.1875, 0.136528447), (0.1875, -0.119235777, 0.0682642233), (0.154840178, -0.0326598217, 0), (0.105928787, -0.0815712131, 0.105928787), (0.1875, -0.0606764876, 0), (0.1875, -0.119235777, 0.0682642233), (0.154840178, -0.0326598217, 0), (0.105928787, -0.0815712131, 0.105928787), (0.122180357, 0, 0), (0.0635205755, 0, 0.0635205755), (0, -0.0326598217, 0.154840178), (0.105928787, -0.0815712131, 0.105928787), (0, 0, 0.122180357), (0.0635205755, 0, 0.0635205755), (0, -0.0326598217, 0.154840178), (0.105928787, -0.0815712131, 0.105928787), (0, -0.0707323016, 0.1875), (0.0583838492, -0.129116151, 0.1875), (0.161000303, -0.1875, 0.161000303), (0.105928787, -0.0815712131, 0.105928787), (0.127317781, -0.1875, 0.1875), (0.0583838492, -0.129116151, 0.1875), (0.0583838492, -0.1875, 0.245883849), (0.127317781, -0.1875, 0.1875), (0.0410149621, -0.146485038, 0.228514962), (0.127317781, -0.1875, 0.1875), (0.0583838492, -0.129116151, 0.1875), (0.0410149621, -0.146485038, 0.228514962), (0.0583838492, -0.129116151, 0.1875), (0, -0.0707323016, 0.1875), (0.0410149621, -0.146485038, 0.228514962), (0, -0.0707323016, 0.1875), (0, -0.126592631, 0.248407369), (0.0410149621, -0.146485038, 0.228514962), (0, -0.126592631, 0.248407369), (0, -0.1875, 0.288768873), (0.0410149621, -0.146485038, 0.228514962), (0, -0.1875, 0.288768873), (0.0583838492, -0.1875, 0.245883849), (0.0410149621, -0.146485038, 0.228514962), (0.169101577, 0.169101577, -0.205898423), (0.1875, 0.127317781, -0.1875), (0.1875, 0.156211753, -0.218788247), (0.169101577, 0.169101577, -0.205898423), (0.1875, 0.156211753, -0.218788247), (0.1875, 0.1875, -0.238471553), (0.169101577, 0.169101577, -0.205898423), (0.1875, 0.1875, -0.238471553), (0.162814186, 0.1875, -0.212185814), (0.169101577, 0.169101577, -0.205898423), (0.162814186, 0.1875, -0.212185814), (0.136528447, 0.1875, -0.1875), (0.169101577, 0.169101577, -0.205898423), (0.136528447, 0.1875, -0.1875), (0.161000303, 0.161000303, -0.1875), (0.169101577, 0.169101577, -0.205898423), (0.161000303, 0.161000303, -0.1875), (0.1875, 0.127317781, -0.1875), (0.154840178, 0, -0.0326598217), (0.105928787, 0.105928787, -0.0815712131), (0.1875, 0, -0.0707323016), (0.1875, 0.0583838492, -0.129116151), (0.161000303, 0.161000303, -0.1875), (0.105928787, 0.105928787, -0.0815712131), (0.1875, 0.127317781, -0.1875), (0.1875, 0.0583838492, -0.129116151), (0.161000303, 0.161000303, -0.1875), (0.105928787, 0.105928787, -0.0815712131), (0.136528447, 0.1875, -0.1875), (0.0682642233, 0.1875, -0.119235777), (0, 0.154840178, -0.0326598217), (0.105928787, 0.105928787, -0.0815712131), (0, 0.1875, -0.0606764876), (0.0682642233, 0.1875, -0.119235777), (0, 0.154840178, -0.0326598217), (0.105928787, 0.105928787, -0.0815712131), (0, 0.122180357, 0), (0.0635205755, 0.0635205755, 0), (0.154840178, 0, -0.0326598217), (0.105928787, 0.105928787, -0.0815712131), (0.122180357, 0, 0), (0.0635205755, 0.0635205755, 0), (0.0635205755, 0, 0.0635205755), (0.122180357, 0, 0), (0.044101577, 0.044101577, 0.044101577), (0.122180357, 0, 0), (0.0635205755, 0.0635205755, 0), (0.044101577, 0.044101577, 0.044101577), (0.0635205755, 0.0635205755, 0), (0, 0.122180357, 0), (0.044101577, 0.044101577, 0.044101577), (0, 0.122180357, 0), (0, 0.0635205755, 0.0635205755), (0.044101577, 0.044101577, 0.044101577), (0, 0.0635205755, 0.0635205755), (0, 0, 0.122180357), (0.044101577, 0.044101577, 0.044101577), (0, 0, 0.122180357), (0.0635205755, 0, 0.0635205755), (0.044101577, 0.044101577, 0.044101577), (0.162814186, 0.1875, -0.212185814), (0.127869288, 0.315369288, -0.247130712), (0.1875, 0.1875, -0.238471553), (0.1875, 0.274778539, -0.287721461), (0.127869288, 0.315369288, -0.247130712), (0.1875, 0.274778539, -0.287721461), (0.1875, 0.375, -0.31985357), (0.127869288, 0.315369288, -0.247130712), (0.1875, 0.375, -0.31985357), (0.110326861, 0.375, -0.264673139), (0, 0.369518972, -0.192981028), (0.127869288, 0.315369288, -0.247130712), (0, 0.375, -0.195602926), (0.110326861, 0.375, -0.264673139), (0, 0.369518972, -0.192981028), (0.127869288, 0.315369288, -0.247130712), (0, 0.362057077, -0.1875), (0.0872785386, 0.274778539, -0.1875), (0.162814186, 0.1875, -0.212185814), (0.127869288, 0.315369288, -0.247130712), (0.136528447, 0.1875, -0.1875), (0.0872785386, 0.274778539, -0.1875), (0.0682642233, 0.1875, -0.119235777), (0.136528447, 0.1875, -0.1875), (0.0519298095, 0.239429809, -0.135570191), (0.136528447, 0.1875, -0.1875), (0.0872785386, 0.274778539, -0.1875), (0.0519298095, 0.239429809, -0.135570191), (0.0872785386, 0.274778539, -0.1875), (0, 0.362057077, -0.1875), (0.0519298095, 0.239429809, -0.135570191), (0, 0.362057077, -0.1875), (0, 0.258480031, -0.116519969), (0.0519298095, 0.239429809, -0.135570191), (0, 0.258480031, -0.116519969), (0, 0.1875, -0.0606764876), (0.0519298095, 0.239429809, -0.135570191), (0, 0.1875, -0.0606764876), (0.0682642233, 0.1875, -0.119235777), (0.0519298095, 0.239429809, -0.135570191), (0.110326861, 0.375, -0.264673139), (0.100652697, 0.475652697, -0.274347303), (0.1875, 0.375, -0.31985357), (0.1875, 0.422342572, -0.327657428), (0.100652697, 0.475652697, -0.274347303), (0.1875, 0.422342572, -0.327657428), (0.1875, 0.5625, -0.335410014), (0.100652697, 0.475652697, -0.274347303), (0.1875, 0.5625, -0.335410014), (0.081741585, 0.5625, -0.293258415), (0, 0.501593851, -0.248406149), (0.100652697, 0.475652697, -0.274347303), (0, 0.5625, -0.266078433), (0.081741585, 0.5625, -0.293258415), (0, 0.501593851, -0.248406149), (0, 0.375, -0.195602926), (0.100652697, 0.475652697, -0.274347303), (0, 0.375, -0.195602926), (0.110326861, 0.375, -0.264673139), (0.100652697, 0.475652697, -0.274347303), (0.081741585, 0.5625, -0.293258415), (0.0919869035, 0.654486903, -0.283013097), (0.1875, 0.5625, -0.335410014), (0.1875, 0.609394753, -0.328105247), (0.0919869035, 0.654486903, -0.283013097), (0.1875, 0.609394753, -0.328105247), (0.1875, 0.75, -0.30246297), (0.0919869035, 0.654486903, -0.283013097), (0.1875, 0.75, -0.30246297), (0.0831380685, 0.75, -0.291861931), (0, 0.658771692, -0.278728308), (0.0919869035, 0.654486903, -0.283013097), (0, 0.75, -0.287612207), (0.0831380685, 0.75, -0.291861931), (0, 0.658771692, -0.278728308), (0, 0.5625, -0.266078433), (0.0919869035, 0.654486903, -0.283013097), (0, 0.5625, -0.266078433), (0.081741585, 0.5625, -0.293258415), (0.0919869035, 0.654486903, -0.283013097), (0.363379011, -0.75, 0.550879011), (0.278591002, -0.658908998, 0.466091002), (0.375, -0.75, 0.554660468), (0.375, -0.639638188, 0.485361812), (0.278591002, -0.658908998, 0.466091002), (0.375, -0.639638188, 0.485361812), (0.375, -0.5625, 0.430176399), (0.278591002, -0.658908998, 0.466091002), (0.375, -0.5625, 0.430176399), (0.232993122, -0.5625, 0.420493122), (0.1875, -0.669054533, 0.455945467), (0.278591002, -0.658908998, 0.466091002), (0.1875, -0.5625, 0.413403197), (0.232993122, -0.5625, 0.420493122), (0.1875, -0.669054533, 0.455945467), (0.1875, -0.75, 0.483004888), (0.278591002, -0.658908998, 0.466091002), (0.1875, -0.75, 0.483004888), (0.363379011, -0.75, 0.550879011), (0.278591002, -0.658908998, 0.466091002), (0.320130927, -0.429869073, 0.320130927), (0.375, -0.497178198, 0.375), (0.375, -0.432551582, 0.317448418), (0.320130927, -0.429869073, 0.320130927), (0.375, -0.432551582, 0.317448418), (0.375, -0.375, 0.252821802), (0.320130927, -0.429869073, 0.320130927), (0.375, -0.375, 0.252821802), (0.286450237, -0.375, 0.286450237), (0.1875, -0.417121344, 0.332878656), (0.320130927, -0.429869073, 0.320130927), (0.1875, -0.375, 0.302761003), (0.286450237, -0.375, 0.286450237), (0.1875, -0.417121344, 0.332878656), (0.320130927, -0.429869073, 0.320130927), (0.1875, -0.493184884, 0.375), (0.242092613, -0.507907387, 0.375), (0.320130927, -0.429869073, 0.320130927), (0.242092613, -0.507907387, 0.375), (0.375, -0.497178198, 0.375), (0.232993122, -0.5625, 0.420493122), (0.213648193, -0.536351807, 0.401148193), (0.375, -0.5625, 0.430176399), (0.375, -0.529839099, 0.407660901), (0.242092613, -0.507907387, 0.375), (0.213648193, -0.536351807, 0.401148193), (0.375, -0.497178198, 0.375), (0.375, -0.529839099, 0.407660901), (0.242092613, -0.507907387, 0.375), (0.1875, -0.493184884, 0.375), (0.213648193, -0.536351807, 0.401148193), (0.1875, -0.493184884, 0.375), (0.1875, -0.535327946, 0.402172054), (0.213648193, -0.536351807, 0.401148193), (0.1875, -0.535327946, 0.402172054), (0.1875, -0.5625, 0.413403197), (0.213648193, -0.536351807, 0.401148193), (0.1875, -0.5625, 0.413403197), (0.232993122, -0.5625, 0.420493122), (0.213648193, -0.536351807, 0.401148193), (0.371149549, -0.191350451, -0.00385045123), (0.375, -0.195602926, 0), (0.375, -0.193081794, -0.00558179417), (0.371149549, -0.191350451, -0.00385045123), (0.375, -0.193081794, -0.00558179417), (0.375, -0.1875, -0.016091674), (0.371149549, -0.191350451, -0.00385045123), (0.375, -0.1875, -0.016091674), (0.368785998, -0.1875, -0.0062140023), (0.371149549, -0.191350451, -0.00385045123), (0.368785998, -0.1875, -0.0062140023), (0.362057077, -0.1875, 0), (0.371149549, -0.191350451, -0.00385045123), (0.362057077, -0.1875, 0), (0.369518972, -0.192981028, 0), (0.371149549, -0.191350451, -0.00385045123), (0.369518972, -0.192981028, 0), (0.375, -0.195602926, 0), (0.315369288, -0.247130712, 0.127869288), (0.375, -0.31985357, 0.1875), (0.375, -0.264673139, 0.110326861), (0.369518972, -0.192981028, 0), (0.315369288, -0.247130712, 0.127869288), (0.375, -0.195602926, 0), (0.375, -0.264673139, 0.110326861), (0.369518972, -0.192981028, 0), (0.315369288, -0.247130712, 0.127869288), (0.362057077, -0.1875, 0), (0.274778539, -0.1875, 0.0872785386), (0.1875, -0.212185814, 0.162814186), (0.315369288, -0.247130712, 0.127869288), (0.1875, -0.1875, 0.136528447), (0.274778539, -0.1875, 0.0872785386), (0.1875, -0.212185814, 0.162814186), (0.315369288, -0.247130712, 0.127869288), (0.1875, -0.238471553, 0.1875), (0.274778539, -0.287721461, 0.1875), (0.315369288, -0.247130712, 0.127869288), (0.274778539, -0.287721461, 0.1875), (0.375, -0.31985357, 0.1875), (0.286450237, -0.375, 0.286450237), (0.244870467, -0.317629533, 0.244870467), (0.375, -0.375, 0.252821802), (0.375, -0.342339099, 0.220160901), (0.274778539, -0.287721461, 0.1875), (0.244870467, -0.317629533, 0.244870467), (0.375, -0.31985357, 0.1875), (0.375, -0.342339099, 0.220160901), (0.274778539, -0.287721461, 0.1875), (0.1875, -0.238471553, 0.1875), (0.244870467, -0.317629533, 0.244870467), (0.1875, -0.238471553, 0.1875), (0.1875, -0.306735777, 0.255764223), (0.244870467, -0.317629533, 0.244870467), (0.1875, -0.306735777, 0.255764223), (0.1875, -0.375, 0.302761003), (0.244870467, -0.317629533, 0.244870467), (0.1875, -0.375, 0.302761003), (0.286450237, -0.375, 0.286450237), (0.244870467, -0.317629533, 0.244870467), (0.340075484, -0.0349245165, -0.222424516), (0.375, -0.0862311272, -0.1875), (0.375, -0.0635616444, -0.251061644), (0.340075484, -0.0349245165, -0.222424516), (0.375, -0.0635616444, -0.251061644), (0.375, 0, -0.341140915), (0.340075484, -0.0349245165, -0.222424516), (0.375, 0, -0.341140915), (0.325285759, 0, -0.237214241), (0.340075484, -0.0349245165, -0.222424516), (0.325285759, 0, -0.237214241), (0.288768873, 0, -0.1875), (0.340075484, -0.0349245165, -0.222424516), (0.288768873, 0, -0.1875), (0.330531099, -0.0444689012, -0.1875), (0.340075484, -0.0349245165, -0.222424516), (0.330531099, -0.0444689012, -0.1875), (0.375, -0.0862311272, -0.1875), (0.368785998, -0.1875, -0.0062140023), (0.294101577, -0.080898423, -0.080898423), (0.375, -0.1875, -0.016091674), (0.375, -0.126592631, -0.126592631), (0.330531099, -0.0444689012, -0.1875), (0.294101577, -0.080898423, -0.080898423), (0.375, -0.0862311272, -0.1875), (0.375, -0.126592631, -0.126592631), (0.330531099, -0.0444689012, -0.1875), (0.294101577, -0.080898423, -0.080898423), (0.288768873, 0, -0.1875), (0.248407369, 0, -0.126592631), (0.1875, -0.0339591523, -0.0339591523), (0.294101577, -0.080898423, -0.080898423), (0.1875, 0, -0.0707323016), (0.248407369, 0, -0.126592631), (0.1875, -0.0339591523, -0.0339591523), (0.294101577, -0.080898423, -0.080898423), (0.1875, -0.0606764876, 0), (0.258480031, -0.116519969, 0), (0.368785998, -0.1875, -0.0062140023), (0.294101577, -0.080898423, -0.080898423), (0.362057077, -0.1875, 0), (0.258480031, -0.116519969, 0), (0.274778539, -0.1875, 0.0872785386), (0.362057077, -0.1875, 0), (0.239429809, -0.135570191, 0.0519298095), (0.362057077, -0.1875, 0), (0.258480031, -0.116519969, 0), (0.239429809, -0.135570191, 0.0519298095), (0.258480031, -0.116519969, 0), (0.1875, -0.0606764876, 0), (0.239429809, -0.135570191, 0.0519298095), (0.1875, -0.0606764876, 0), (0.1875, -0.119235777, 0.0682642233), (0.239429809, -0.135570191, 0.0519298095), (0.1875, -0.119235777, 0.0682642233), (0.1875, -0.1875, 0.136528447), (0.239429809, -0.135570191, 0.0519298095), (0.1875, -0.1875, 0.136528447), (0.274778539, -0.1875, 0.0872785386), (0.239429809, -0.135570191, 0.0519298095), (0.338349609, 0.150849609, -0.411650391), (0.375, 0.0358597455, -0.375), (0.375, 0.0985937116, -0.463906288), (0.338349609, 0.150849609, -0.411650391), (0.375, 0.0985937116, -0.463906288), (0.375, 0.1875, -0.493184884), (0.338349609, 0.150849609, -0.411650391), (0.375, 0.1875, -0.493184884), (0.332878656, 0.1875, -0.417121344), (0.338349609, 0.150849609, -0.411650391), (0.332878656, 0.1875, -0.417121344), (0.302761003, 0.1875, -0.375), (0.338349609, 0.150849609, -0.411650391), (0.302761003, 0.1875, -0.375), (0.327818881, 0.140318881, -0.375), (0.338349609, 0.150849609, -0.411650391), (0.327818881, 0.140318881, -0.375), (0.375, 0.0358597455, -0.375), (0.325285759, 0, -0.237214241), (0.284295223, 0.0967952228, -0.278204777), (0.375, 0, -0.341140915), (0.375, 0.0146655667, -0.360334433), (0.327818881, 0.140318881, -0.375), (0.284295223, 0.0967952228, -0.278204777), (0.375, 0.0358597455, -0.375), (0.375, 0.0146655667, -0.360334433), (0.327818881, 0.140318881, -0.375), (0.284295223, 0.0967952228, -0.278204777), (0.302761003, 0.1875, -0.375), (0.255764223, 0.1875, -0.306735777), (0.1875, 0.156211753, -0.218788247), (0.284295223, 0.0967952228, -0.278204777), (0.1875, 0.1875, -0.238471553), (0.255764223, 0.1875, -0.306735777), (0.1875, 0.156211753, -0.218788247), (0.284295223, 0.0967952228, -0.278204777), (0.1875, 0.127317781, -0.1875), (0.245883849, 0.0583838492, -0.1875), (0.325285759, 0, -0.237214241), (0.284295223, 0.0967952228, -0.278204777), (0.288768873, 0, -0.1875), (0.245883849, 0.0583838492, -0.1875), (0.248407369, 0, -0.126592631), (0.288768873, 0, -0.1875), (0.228514962, 0.0410149621, -0.146485038), (0.288768873, 0, -0.1875), (0.245883849, 0.0583838492, -0.1875), (0.228514962, 0.0410149621, -0.146485038), (0.245883849, 0.0583838492, -0.1875), (0.1875, 0.127317781, -0.1875), (0.228514962, 0.0410149621, -0.146485038), (0.1875, 0.127317781, -0.1875), (0.1875, 0.0583838492, -0.129116151), (0.228514962, 0.0410149621, -0.146485038), (0.1875, 0.0583838492, -0.129116151), (0.1875, 0, -0.0707323016), (0.228514962, 0.0410149621, -0.146485038), (0.1875, 0, -0.0707323016), (0.248407369, 0, -0.126592631), (0.228514962, 0.0410149621, -0.146485038), (0.332878656, 0.1875, -0.417121344), (0.320130927, 0.320130927, -0.429869073), (0.375, 0.1875, -0.493184884), (0.375, 0.242092613, -0.507907387), (0.320130927, 0.320130927, -0.429869073), (0.375, 0.242092613, -0.507907387), (0.375, 0.375, -0.497178198), (0.320130927, 0.320130927, -0.429869073), (0.375, 0.375, -0.497178198), (0.317448418, 0.375, -0.432551582), (0.320130927, 0.320130927, -0.429869073), (0.317448418, 0.375, -0.432551582), (0.252821802, 0.375, -0.375), (0.320130927, 0.320130927, -0.429869073), (0.252821802, 0.375, -0.375), (0.286450237, 0.286450237, -0.375), (0.332878656, 0.1875, -0.417121344), (0.320130927, 0.320130927, -0.429869073), (0.302761003, 0.1875, -0.375), (0.286450237, 0.286450237, -0.375), (0.255764223, 0.1875, -0.306735777), (0.302761003, 0.1875, -0.375), (0.244870467, 0.244870467, -0.317629533), (0.302761003, 0.1875, -0.375), (0.286450237, 0.286450237, -0.375), (0.244870467, 0.244870467, -0.317629533), (0.286450237, 0.286450237, -0.375), (0.244870467, 0.244870467, -0.317629533), (0.252821802, 0.375, -0.375), (0.220160901, 0.375, -0.342339099), (0.1875, 0.274778539, -0.287721461), (0.244870467, 0.244870467, -0.317629533), (0.1875, 0.375, -0.31985357), (0.220160901, 0.375, -0.342339099), (0.1875, 0.274778539, -0.287721461), (0.1875, 0.1875, -0.238471553), (0.244870467, 0.244870467, -0.317629533), (0.1875, 0.1875, -0.238471553), (0.255764223, 0.1875, -0.306735777), (0.244870467, 0.244870467, -0.317629533), (0.317448418, 0.375, -0.432551582), (0.331237684, 0.518737684, -0.418762316), (0.375, 0.375, -0.497178198), (0.375, 0.457027588, -0.480472412), (0.331237684, 0.518737684, -0.418762316), (0.375, 0.457027588, -0.480472412), (0.375, 0.5625, -0.445946714), (0.331237684, 0.518737684, -0.418762316), (0.375, 0.5625, -0.445946714), (0.333641535, 0.5625, -0.416358465), (0.331237684, 0.518737684, -0.418762316), (0.333641535, 0.5625, -0.416358465), (0.258992366, 0.5625, -0.375), (0.331237684, 0.518737684, -0.418762316), (0.258992366, 0.5625, -0.375), (0.269527588, 0.457027588, -0.375), (0.317448418, 0.375, -0.432551582), (0.331237684, 0.518737684, -0.418762316), (0.252821802, 0.375, -0.375), (0.269527588, 0.457027588, -0.375), (0.220160901, 0.375, -0.342339099), (0.252821802, 0.375, -0.375), (0.221534656, 0.409034656, -0.340965344), (0.252821802, 0.375, -0.375), (0.269527588, 0.457027588, -0.375), (0.221534656, 0.409034656, -0.340965344), (0.269527588, 0.457027588, -0.375), (0.221534656, 0.409034656, -0.340965344), (0.258992366, 0.5625, -0.375), (0.215525553, 0.5625, -0.346974447), (0.1875, 0.422342572, -0.327657428), (0.221534656, 0.409034656, -0.340965344), (0.1875, 0.5625, -0.335410014), (0.215525553, 0.5625, -0.346974447), (0.1875, 0.422342572, -0.327657428), (0.1875, 0.375, -0.31985357), (0.221534656, 0.409034656, -0.340965344), (0.1875, 0.375, -0.31985357), (0.220160901, 0.375, -0.342339099), (0.221534656, 0.409034656, -0.340965344), (0.333641535, 0.5625, -0.416358465), (0.375, 0.5625, -0.445946714), (0.375, 0.70949181, -0.375), (0.333641535, 0.5625, -0.416358465), (0.258992366, 0.5625, -0.375), (0.375, 0.70949181, -0.375), (0.215525553, 0.5625, -0.346974447), (0.258992366, 0.5625, -0.375), (0.226770494, 0.601770494, -0.335729506), (0.258992366, 0.5625, -0.375), (0.226770494, 0.601770494, -0.335729506), (0.375, 0.70949181, -0.375), (0.375, 0.75, -0.355139725), (0.226770494, 0.601770494, -0.335729506), (0.375, 0.75, -0.355139725), (0.250099893, 0.75, -0.312400107), (0.1875, 0.609394753, -0.328105247), (0.226770494, 0.601770494, -0.335729506), (0.1875, 0.75, -0.30246297), (0.250099893, 0.75, -0.312400107), (0.1875, 0.609394753, -0.328105247), (0.1875, 0.5625, -0.335410014), (0.226770494, 0.601770494, -0.335729506), (0.1875, 0.5625, -0.335410014), (0.215525553, 0.5625, -0.346974447), (0.226770494, 0.601770494, -0.335729506), (0.528571606, -0.596428394, 0.528571606), (0.5625, -0.61201581, 0.5625), (0.5625, -0.586494597, 0.538505403), (0.528571606, -0.596428394, 0.528571606), (0.5625, -0.586494597, 0.538505403), (0.5625, -0.5625, 0.51298419), (0.528571606, -0.596428394, 0.528571606), (0.5625, -0.5625, 0.51298419), (0.481653541, -0.5625, 0.481653541), (0.375, -0.639638188, 0.485361812), (0.528571606, -0.596428394, 0.528571606), (0.375, -0.5625, 0.430176399), (0.481653541, -0.5625, 0.481653541), (0.375, -0.639638188, 0.485361812), (0.375, -0.75, 0.554660468), (0.528571606, -0.596428394, 0.528571606), (0.375, -0.75, 0.554660468), (0.528571606, -0.596428394, 0.528571606), (0.387409715, -0.75, 0.5625), (0.5625, -0.61201581, 0.5625), (0.387409715, -0.75, 0.5625), (0.5625, -0.75, 0.690860746), (0.5625, -0.681007905, 0.631492095), (0.387409715, -0.75, 0.5625), (0.5625, -0.61201581, 0.5625), (0.5625, -0.681007905, 0.631492095), (0.55562854, -0.38187146, -0.75), (0.5625, -0.391201679, -0.75), (0.5625, -0.375, -0.73001464), (0.55562854, -0.38187146, -0.75), (0.552326602, -0.375, -0.75), (0.5625, -0.375, -0.73001464), (0.518737684, -0.418762316, 0.331237684), (0.5625, -0.445946714, 0.375), (0.5625, -0.416358465, 0.333641535), (0.518737684, -0.418762316, 0.331237684), (0.5625, -0.416358465, 0.333641535), (0.5625, -0.375, 0.258992366), (0.518737684, -0.418762316, 0.331237684), (0.5625, -0.375, 0.258992366), (0.457027588, -0.375, 0.269527588), (0.375, -0.432551582, 0.317448418), (0.518737684, -0.418762316, 0.331237684), (0.375, -0.375, 0.252821802), (0.457027588, -0.375, 0.269527588), (0.375, -0.432551582, 0.317448418), (0.518737684, -0.418762316, 0.331237684), (0.375, -0.497178198, 0.375), (0.457027588, -0.480472412, 0.375), (0.518737684, -0.418762316, 0.331237684), (0.457027588, -0.480472412, 0.375), (0.5625, -0.445946714, 0.375), (0.481653541, -0.5625, 0.481653541), (0.415510467, -0.521989533, 0.415510467), (0.5625, -0.5625, 0.51298419), (0.5625, -0.493507905, 0.443992095), (0.457027588, -0.480472412, 0.375), (0.415510467, -0.521989533, 0.415510467), (0.5625, -0.445946714, 0.375), (0.5625, -0.493507905, 0.443992095), (0.457027588, -0.480472412, 0.375), (0.375, -0.497178198, 0.375), (0.415510467, -0.521989533, 0.415510467), (0.375, -0.497178198, 0.375), (0.375, -0.529839099, 0.407660901), (0.415510467, -0.521989533, 0.415510467), (0.375, -0.529839099, 0.407660901), (0.375, -0.5625, 0.430176399), (0.415510467, -0.521989533, 0.415510467), (0.375, -0.5625, 0.430176399), (0.481653541, -0.5625, 0.481653541), (0.415510467, -0.521989533, 0.415510467), (0.552326602, -0.375, -0.75), (0.526576645, -0.223423355, -0.598423355), (0.5625, -0.375, -0.73001464), (0.5625, -0.249401019, -0.5625), (0.552326602, -0.375, -0.75), (0.50003326, -0.24996674, -0.75), (0.526576645, -0.223423355, -0.598423355), (0.50003326, -0.24996674, -0.75), (0.526576645, -0.223423355, -0.598423355), (0.481854611, -0.1875, -0.75), (0.513068634, -0.1875, -0.611931366), (0.526576645, -0.223423355, -0.598423355), (0.513068634, -0.1875, -0.611931366), (0.522381344, -0.1875, -0.5625), (0.526576645, -0.223423355, -0.598423355), (0.522381344, -0.1875, -0.5625), (0.536684248, -0.213315752, -0.5625), (0.526576645, -0.223423355, -0.598423355), (0.536684248, -0.213315752, -0.5625), (0.5625, -0.249401019, -0.5625), (0.546081717, -0.203918283, -0.391418283), (0.5625, -0.215561468, -0.375), (0.5625, -0.230348961, -0.417848961), (0.536684248, -0.213315752, -0.5625), (0.546081717, -0.203918283, -0.391418283), (0.5625, -0.249401019, -0.5625), (0.5625, -0.230348961, -0.417848961), (0.536684248, -0.213315752, -0.5625), (0.546081717, -0.203918283, -0.391418283), (0.522381344, -0.1875, -0.5625), (0.536136407, -0.1875, -0.401363593), (0.546081717, -0.203918283, -0.391418283), (0.536136407, -0.1875, -0.401363593), (0.534438532, -0.1875, -0.375), (0.546081717, -0.203918283, -0.391418283), (0.534438532, -0.1875, -0.375), (0.547656781, -0.202343219, -0.375), (0.546081717, -0.203918283, -0.391418283), (0.547656781, -0.202343219, -0.375), (0.5625, -0.215561468, -0.375), (0.539609158, -0.210390842, -0.210390842), (0.5625, -0.226485492, -0.1875), (0.5625, -0.229051006, -0.229051006), (0.547656781, -0.202343219, -0.375), (0.539609158, -0.210390842, -0.210390842), (0.5625, -0.215561468, -0.375), (0.5625, -0.229051006, -0.229051006), (0.547656781, -0.202343219, -0.375), (0.539609158, -0.210390842, -0.210390842), (0.534438532, -0.1875, -0.375), (0.520948994, -0.1875, -0.229051006), (0.539609158, -0.210390842, -0.210390842), (0.520948994, -0.1875, -0.229051006), (0.502317781, -0.1875, -0.1875), (0.539609158, -0.210390842, -0.210390842), (0.502317781, -0.1875, -0.1875), (0.53740902, -0.21259098, -0.1875), (0.539609158, -0.210390842, -0.210390842), (0.53740902, -0.21259098, -0.1875), (0.5625, -0.226485492, -0.1875), (0.516314442, -0.233685558, -0.0461855578), (0.5625, -0.266078433, 0), (0.5625, -0.254446327, -0.0669463268), (0.53740902, -0.21259098, -0.1875), (0.516314442, -0.233685558, -0.0461855578), (0.5625, -0.226485492, -0.1875), (0.5625, -0.254446327, -0.0669463268), (0.53740902, -0.21259098, -0.1875), (0.516314442, -0.233685558, -0.0461855578), (0.502317781, -0.1875, -0.1875), (0.468750939, -0.1875, -0.0937490615), (0.375, -0.193081794, -0.00558179417), (0.516314442, -0.233685558, -0.0461855578), (0.375, -0.1875, -0.016091674), (0.468750939, -0.1875, -0.0937490615), (0.375, -0.193081794, -0.00558179417), (0.516314442, -0.233685558, -0.0461855578), (0.375, -0.195602926, 0), (0.501593851, -0.248406149, 0), (0.516314442, -0.233685558, -0.0461855578), (0.501593851, -0.248406149, 0), (0.5625, -0.266078433, 0), (0.475652697, -0.274347303, 0.100652697), (0.5625, -0.335410014, 0.1875), (0.5625, -0.293258415, 0.081741585), (0.501593851, -0.248406149, 0), (0.475652697, -0.274347303, 0.100652697), (0.5625, -0.266078433, 0), (0.5625, -0.293258415, 0.081741585), (0.501593851, -0.248406149, 0), (0.375, -0.195602926, 0), (0.475652697, -0.274347303, 0.100652697), (0.375, -0.195602926, 0), (0.375, -0.264673139, 0.110326861), (0.475652697, -0.274347303, 0.100652697), (0.375, -0.264673139, 0.110326861), (0.475652697, -0.274347303, 0.100652697), (0.375, -0.31985357, 0.1875), (0.422342572, -0.327657428, 0.1875), (0.475652697, -0.274347303, 0.100652697), (0.422342572, -0.327657428, 0.1875), (0.5625, -0.335410014, 0.1875), (0.457027588, -0.375, 0.269527588), (0.409034656, -0.340965344, 0.221534656), (0.5625, -0.375, 0.258992366), (0.5625, -0.346974447, 0.215525553), (0.422342572, -0.327657428, 0.1875), (0.409034656, -0.340965344, 0.221534656), (0.5625, -0.335410014, 0.1875), (0.5625, -0.346974447, 0.215525553), (0.422342572, -0.327657428, 0.1875), (0.375, -0.31985357, 0.1875), (0.409034656, -0.340965344, 0.221534656), (0.375, -0.31985357, 0.1875), (0.375, -0.342339099, 0.220160901), (0.409034656, -0.340965344, 0.221534656), (0.375, -0.342339099, 0.220160901), (0.375, -0.375, 0.252821802), (0.409034656, -0.340965344, 0.221534656), (0.375, -0.375, 0.252821802), (0.457027588, -0.375, 0.269527588), (0.409034656, -0.340965344, 0.221534656), (0.513068634, -0.1875, -0.611931366), (0.481854611, -0.1875, -0.75), (0.465120862, -0.0973791382, -0.659879138), (0.481854611, -0.1875, -0.75), (0.46943013, -0.0930698697, -0.75), (0.465120862, -0.0973791382, -0.659879138), (0.46943013, -0.0930698697, -0.75), (0.465120862, -0.0973791382, -0.659879138), (0.460401637, 0, -0.75), (0.456145158, 0, -0.668854842), (0.465120862, -0.0973791382, -0.659879138), (0.456145158, 0, -0.668854842), (0.445290996, 0, -0.5625), (0.465120862, -0.0973791382, -0.659879138), (0.445290996, 0, -0.5625), (0.477934008, -0.0845659924, -0.5625), (0.513068634, -0.1875, -0.611931366), (0.465120862, -0.0973791382, -0.659879138), (0.522381344, -0.1875, -0.5625), (0.477934008, -0.0845659924, -0.5625), (0.536136407, -0.1875, -0.401363593), (0.522381344, -0.1875, -0.5625), (0.467356356, -0.0951436442, -0.470143644), (0.522381344, -0.1875, -0.5625), (0.477934008, -0.0845659924, -0.5625), (0.467356356, -0.0951436442, -0.470143644), (0.477934008, -0.0845659924, -0.5625), (0.467356356, -0.0951436442, -0.470143644), (0.445290996, 0, -0.5625), (0.435661552, 0, -0.501838448), (0.467356356, -0.0951436442, -0.470143644), (0.435661552, 0, -0.501838448), (0.392352575, 0, -0.375), (0.467356356, -0.0951436442, -0.470143644), (0.392352575, 0, -0.375), (0.46393832, -0.09856168, -0.375), (0.536136407, -0.1875, -0.401363593), (0.467356356, -0.0951436442, -0.470143644), (0.534438532, -0.1875, -0.375), (0.46393832, -0.09856168, -0.375), (0.520948994, -0.1875, -0.229051006), (0.534438532, -0.1875, -0.375), (0.451685558, -0.110814442, -0.298314442), (0.534438532, -0.1875, -0.375), (0.46393832, -0.09856168, -0.375), (0.451685558, -0.110814442, -0.298314442), (0.46393832, -0.09856168, -0.375), (0.451685558, -0.110814442, -0.298314442), (0.392352575, 0, -0.375), (0.388601035, 0, -0.361398965), (0.375, -0.0635616444, -0.251061644), (0.451685558, -0.110814442, -0.298314442), (0.375, 0, -0.341140915), (0.388601035, 0, -0.361398965), (0.375, -0.0635616444, -0.251061644), (0.451685558, -0.110814442, -0.298314442), (0.375, -0.0862311272, -0.1875), (0.430158691, -0.132341309, -0.1875), (0.520948994, -0.1875, -0.229051006), (0.451685558, -0.110814442, -0.298314442), (0.502317781, -0.1875, -0.1875), (0.430158691, -0.132341309, -0.1875), (0.468750939, -0.1875, -0.0937490615), (0.502317781, -0.1875, -0.1875), (0.421186483, -0.141313517, -0.141313517), (0.502317781, -0.1875, -0.1875), (0.430158691, -0.132341309, -0.1875), (0.421186483, -0.141313517, -0.141313517), (0.430158691, -0.132341309, -0.1875), (0.375, -0.0862311272, -0.1875), (0.421186483, -0.141313517, -0.141313517), (0.375, -0.0862311272, -0.1875), (0.375, -0.126592631, -0.126592631), (0.421186483, -0.141313517, -0.141313517), (0.375, -0.126592631, -0.126592631), (0.375, -0.1875, -0.016091674), (0.421186483, -0.141313517, -0.141313517), (0.375, -0.1875, -0.016091674), (0.468750939, -0.1875, -0.0937490615), (0.421186483, -0.141313517, -0.141313517), (0.456145158, 0, -0.668854842), (0.460401637, 0, -0.75), (0.446731183, 0.0717311827, -0.678268817), (0.460401637, 0, -0.75), (0.473559484, 0.0985594842, -0.75), (0.446731183, 0.0717311827, -0.678268817), (0.473559484, 0.0985594842, -0.75), (0.446731183, 0.0717311827, -0.678268817), (0.483004888, 0.1875, -0.75), (0.455945467, 0.1875, -0.669054533), (0.446731183, 0.0717311827, -0.678268817), (0.455945467, 0.1875, -0.669054533), (0.413403197, 0.1875, -0.5625), (0.446731183, 0.0717311827, -0.678268817), (0.413403197, 0.1875, -0.5625), (0.436409175, 0.0614091746, -0.5625), (0.456145158, 0, -0.668854842), (0.446731183, 0.0717311827, -0.678268817), (0.445290996, 0, -0.5625), (0.436409175, 0.0614091746, -0.5625), (0.435661552, 0, -0.501838448), (0.445290996, 0, -0.5625), (0.420503246, 0.0455032459, -0.516996754), (0.445290996, 0, -0.5625), (0.436409175, 0.0614091746, -0.5625), (0.420503246, 0.0455032459, -0.516996754), (0.436409175, 0.0614091746, -0.5625), (0.420503246, 0.0455032459, -0.516996754), (0.413403197, 0.1875, -0.5625), (0.402172054, 0.1875, -0.535327946), (0.375, 0.0985937116, -0.463906288), (0.420503246, 0.0455032459, -0.516996754), (0.375, 0.1875, -0.493184884), (0.402172054, 0.1875, -0.535327946), (0.375, 0.0985937116, -0.463906288), (0.420503246, 0.0455032459, -0.516996754), (0.375, 0.0358597455, -0.375), (0.386993169, 0.0119931688, -0.375), (0.435661552, 0, -0.501838448), (0.420503246, 0.0455032459, -0.516996754), (0.392352575, 0, -0.375), (0.386993169, 0.0119931688, -0.375), (0.388601035, 0, -0.361398965), (0.392352575, 0, -0.375), (0.384087388, 0.00908738793, -0.365912612), (0.392352575, 0, -0.375), (0.386993169, 0.0119931688, -0.375), (0.384087388, 0.00908738793, -0.365912612), (0.386993169, 0.0119931688, -0.375), (0.375, 0.0358597455, -0.375), (0.384087388, 0.00908738793, -0.365912612), (0.375, 0.0358597455, -0.375), (0.375, 0.0146655667, -0.360334433), (0.384087388, 0.00908738793, -0.365912612), (0.375, 0.0146655667, -0.360334433), (0.375, 0, -0.341140915), (0.384087388, 0.00908738793, -0.365912612), (0.375, 0, -0.341140915), (0.388601035, 0, -0.361398965), (0.384087388, 0.00908738793, -0.365912612), (0.455945467, 0.1875, -0.669054533), (0.483004888, 0.1875, -0.75), (0.466091002, 0.278591002, -0.658908998), (0.483004888, 0.1875, -0.75), (0.550879011, 0.363379011, -0.75), (0.466091002, 0.278591002, -0.658908998), (0.550879011, 0.363379011, -0.75), (0.466091002, 0.278591002, -0.658908998), (0.554660468, 0.375, -0.75), (0.485361812, 0.375, -0.639638188), (0.466091002, 0.278591002, -0.658908998), (0.485361812, 0.375, -0.639638188), (0.430176399, 0.375, -0.5625), (0.466091002, 0.278591002, -0.658908998), (0.430176399, 0.375, -0.5625), (0.420493122, 0.232993122, -0.5625), (0.455945467, 0.1875, -0.669054533), (0.466091002, 0.278591002, -0.658908998), (0.413403197, 0.1875, -0.5625), (0.420493122, 0.232993122, -0.5625), (0.402172054, 0.1875, -0.535327946), (0.413403197, 0.1875, -0.5625), (0.401148193, 0.213648193, -0.536351807), (0.413403197, 0.1875, -0.5625), (0.420493122, 0.232993122, -0.5625), (0.401148193, 0.213648193, -0.536351807), (0.420493122, 0.232993122, -0.5625), (0.401148193, 0.213648193, -0.536351807), (0.430176399, 0.375, -0.5625), (0.407660901, 0.375, -0.529839099), (0.375, 0.242092613, -0.507907387), (0.401148193, 0.213648193, -0.536351807), (0.375, 0.375, -0.497178198), (0.407660901, 0.375, -0.529839099), (0.375, 0.242092613, -0.507907387), (0.375, 0.1875, -0.493184884), (0.401148193, 0.213648193, -0.536351807), (0.375, 0.1875, -0.493184884), (0.402172054, 0.1875, -0.535327946), (0.401148193, 0.213648193, -0.536351807), (0.485361812, 0.375, -0.639638188), (0.554660468, 0.375, -0.75), (0.528571606, 0.528571606, -0.596428394), (0.554660468, 0.375, -0.75), (0.528571606, 0.528571606, -0.596428394), (0.5625, 0.387409715, -0.75), (0.5625, 0.5625, -0.61201581), (0.528571606, 0.528571606, -0.596428394), (0.5625, 0.5625, -0.61201581), (0.538505403, 0.5625, -0.586494597), (0.528571606, 0.528571606, -0.596428394), (0.538505403, 0.5625, -0.586494597), (0.51298419, 0.5625, -0.5625), (0.528571606, 0.528571606, -0.596428394), (0.51298419, 0.5625, -0.5625), (0.481653541, 0.481653541, -0.5625), (0.485361812, 0.375, -0.639638188), (0.528571606, 0.528571606, -0.596428394), (0.430176399, 0.375, -0.5625), (0.481653541, 0.481653541, -0.5625), (0.407660901, 0.375, -0.529839099), (0.430176399, 0.375, -0.5625), (0.415510467, 0.415510467, -0.521989533), (0.430176399, 0.375, -0.5625), (0.481653541, 0.481653541, -0.5625), (0.415510467, 0.415510467, -0.521989533), (0.481653541, 0.481653541, -0.5625), (0.415510467, 0.415510467, -0.521989533), (0.51298419, 0.5625, -0.5625), (0.443992095, 0.5625, -0.493507905), (0.375, 0.457027588, -0.480472412), (0.415510467, 0.415510467, -0.521989533), (0.375, 0.5625, -0.445946714), (0.443992095, 0.5625, -0.493507905), (0.375, 0.457027588, -0.480472412), (0.375, 0.375, -0.497178198), (0.415510467, 0.415510467, -0.521989533), (0.375, 0.375, -0.497178198), (0.407660901, 0.375, -0.529839099), (0.415510467, 0.415510467, -0.521989533), (0.538505403, 0.5625, -0.586494597), (0.5625, 0.5625, -0.61201581), (0.5625, 0.620637767, -0.5625), (0.538505403, 0.5625, -0.586494597), (0.51298419, 0.5625, -0.5625), (0.5625, 0.620637767, -0.5625), (0.443992095, 0.5625, -0.493507905), (0.51298419, 0.5625, -0.5625), (0.488855341, 0.676355341, -0.448644659), (0.51298419, 0.5625, -0.5625), (0.488855341, 0.676355341, -0.448644659), (0.5625, 0.620637767, -0.5625), (0.5625, 0.75, -0.458913015), (0.488855341, 0.676355341, -0.448644659), (0.5625, 0.75, -0.458913015), (0.514176191, 0.75, -0.423323809), (0.488855341, 0.676355341, -0.448644659), (0.514176191, 0.75, -0.423323809), (0.413612496, 0.75, -0.375), (0.375, 0.5625, -0.445946714), (0.488855341, 0.676355341, -0.448644659), (0.375, 0.70949181, -0.375), (0.413612496, 0.75, -0.375), (0.375, 0.5625, -0.445946714), (0.443992095, 0.5625, -0.493507905), (0.488855341, 0.676355341, -0.448644659), (0.375, 0.70949181, -0.375), (0.413612496, 0.75, -0.375), (0.390545578, 0.75, -0.359454422), (0.375, 0.70949181, -0.375), (0.375, 0.75, -0.355139725), (0.390545578, 0.75, -0.359454422), (0.716312978, -0.596187022, -0.75), (0.75, -0.629874044, -0.75), (0.75, -0.5625, -0.677294434), (0.716312978, -0.596187022, -0.75), (0.68732483, -0.5625, -0.75), (0.75, -0.5625, -0.677294434), (0.5625, -0.586494597, 0.538505403), (0.5625, -0.5625, 0.51298419), (0.620637767, -0.5625, 0.5625), (0.5625, -0.586494597, 0.538505403), (0.5625, -0.61201581, 0.5625), (0.620637767, -0.5625, 0.5625), (0.691057061, -0.621442939, 0.691057061), (0.75, -0.625765242, 0.75), (0.75, -0.594132621, 0.718367379), (0.691057061, -0.621442939, 0.691057061), (0.75, -0.594132621, 0.718367379), (0.75, -0.5625, 0.681607224), (0.5625, -0.61201581, 0.5625), (0.691057061, -0.621442939, 0.691057061), (0.620637767, -0.5625, 0.5625), (0.75, -0.5625, 0.681607224), (0.5625, -0.61201581, 0.5625), (0.5625, -0.681007905, 0.631492095), (0.691057061, -0.621442939, 0.691057061), (0.5625, -0.681007905, 0.631492095), (0.5625, -0.75, 0.690860746), (0.691057061, -0.621442939, 0.691057061), (0.5625, -0.75, 0.690860746), (0.691057061, -0.621442939, 0.691057061), (0.625968847, -0.75, 0.75), (0.75, -0.625765242, 0.75), (0.68732483, -0.5625, -0.75), (0.673219002, -0.451780998, -0.639280998), (0.75, -0.5625, -0.677294434), (0.75, -0.462486658, -0.5625), (0.68732483, -0.5625, -0.75), (0.632317053, -0.492682947, -0.75), (0.673219002, -0.451780998, -0.639280998), (0.632317053, -0.492682947, -0.75), (0.5625, -0.391201679, -0.75), (0.673219002, -0.451780998, -0.639280998), (0.5625, -0.391201679, -0.75), (0.673219002, -0.451780998, -0.639280998), (0.5625, -0.375, -0.73001464), (0.662513342, -0.375, -0.5625), (0.673219002, -0.451780998, -0.639280998), (0.662513342, -0.375, -0.5625), (0.704908026, -0.420091974, -0.5625), (0.673219002, -0.451780998, -0.639280998), (0.704908026, -0.420091974, -0.5625), (0.75, -0.462486658, -0.5625), (0.704908026, -0.420091974, -0.5625), (0.75, -0.462486658, -0.5625), (0.75, -0.375, -0.408490587), (0.704908026, -0.420091974, -0.5625), (0.662513342, -0.375, -0.5625), (0.75, -0.375, -0.408490587), (0.5625, -0.416358465, 0.333641535), (0.5625, -0.375, 0.258992366), (0.70949181, -0.375, 0.375), (0.5625, -0.416358465, 0.333641535), (0.5625, -0.445946714, 0.375), (0.70949181, -0.375, 0.375), (0.676355341, -0.448644659, 0.488855341), (0.75, -0.458913015, 0.5625), (0.75, -0.423323809, 0.514176191), (0.676355341, -0.448644659, 0.488855341), (0.75, -0.423323809, 0.514176191), (0.75, -0.375, 0.413612496), (0.5625, -0.445946714, 0.375), (0.676355341, -0.448644659, 0.488855341), (0.70949181, -0.375, 0.375), (0.75, -0.375, 0.413612496), (0.5625, -0.445946714, 0.375), (0.5625, -0.493507905, 0.443992095), (0.676355341, -0.448644659, 0.488855341), (0.5625, -0.493507905, 0.443992095), (0.5625, -0.5625, 0.51298419), (0.676355341, -0.448644659, 0.488855341), (0.5625, -0.5625, 0.51298419), (0.676355341, -0.448644659, 0.488855341), (0.620637767, -0.5625, 0.5625), (0.75, -0.458913015, 0.5625), (0.620637767, -0.5625, 0.5625), (0.75, -0.5625, 0.681607224), (0.75, -0.500322426, 0.624677574), (0.620637767, -0.5625, 0.5625), (0.75, -0.458913015, 0.5625), (0.75, -0.500322426, 0.624677574), (0.5625, -0.375, -0.73001464), (0.5625, -0.249401019, -0.5625), (0.616965073, -0.320534927, -0.5625), (0.5625, -0.375, -0.73001464), (0.662513342, -0.375, -0.5625), (0.616965073, -0.320534927, -0.5625), (0.662513342, -0.375, -0.5625), (0.627966819, -0.309533181, -0.497033181), (0.75, -0.375, -0.408490587), (0.75, -0.357637846, -0.375), (0.662513342, -0.375, -0.5625), (0.616965073, -0.320534927, -0.5625), (0.627966819, -0.309533181, -0.497033181), (0.616965073, -0.320534927, -0.5625), (0.5625, -0.249401019, -0.5625), (0.627966819, -0.309533181, -0.497033181), (0.5625, -0.249401019, -0.5625), (0.5625, -0.230348961, -0.417848961), (0.627966819, -0.309533181, -0.497033181), (0.5625, -0.230348961, -0.417848961), (0.627966819, -0.309533181, -0.497033181), (0.5625, -0.215561468, -0.375), (0.651466753, -0.286033247, -0.375), (0.627966819, -0.309533181, -0.497033181), (0.651466753, -0.286033247, -0.375), (0.75, -0.357637846, -0.375), (0.662465514, -0.275034486, -0.275034486), (0.75, -0.303630665, -0.1875), (0.75, -0.353565727, -0.353565727), (0.651466753, -0.286033247, -0.375), (0.662465514, -0.275034486, -0.275034486), (0.75, -0.357637846, -0.375), (0.75, -0.353565727, -0.353565727), (0.651466753, -0.286033247, -0.375), (0.5625, -0.215561468, -0.375), (0.662465514, -0.275034486, -0.275034486), (0.5625, -0.215561468, -0.375), (0.5625, -0.229051006, -0.229051006), (0.662465514, -0.275034486, -0.275034486), (0.5625, -0.229051006, -0.229051006), (0.662465514, -0.275034486, -0.275034486), (0.5625, -0.226485492, -0.1875), (0.666240826, -0.271259174, -0.1875), (0.662465514, -0.275034486, -0.275034486), (0.666240826, -0.271259174, -0.1875), (0.75, -0.303630665, -0.1875), (0.670916781, -0.266583219, -0.0790832194), (0.75, -0.287612207, 0), (0.75, -0.29909147, -0.11159147), (0.666240826, -0.271259174, -0.1875), (0.670916781, -0.266583219, -0.0790832194), (0.75, -0.303630665, -0.1875), (0.75, -0.29909147, -0.11159147), (0.666240826, -0.271259174, -0.1875), (0.5625, -0.226485492, -0.1875), (0.670916781, -0.266583219, -0.0790832194), (0.5625, -0.226485492, -0.1875), (0.5625, -0.254446327, -0.0669463268), (0.670916781, -0.266583219, -0.0790832194), (0.5625, -0.254446327, -0.0669463268), (0.670916781, -0.266583219, -0.0790832194), (0.5625, -0.266078433, 0), (0.658771692, -0.278728308, 0), (0.670916781, -0.266583219, -0.0790832194), (0.658771692, -0.278728308, 0), (0.75, -0.287612207, 0), (0.654486903, -0.283013097, 0.0919869035), (0.75, -0.30246297, 0.1875), (0.75, -0.291861931, 0.0831380685), (0.658771692, -0.278728308, 0), (0.654486903, -0.283013097, 0.0919869035), (0.75, -0.287612207, 0), (0.75, -0.291861931, 0.0831380685), (0.658771692, -0.278728308, 0), (0.5625, -0.266078433, 0), (0.654486903, -0.283013097, 0.0919869035), (0.5625, -0.266078433, 0), (0.5625, -0.293258415, 0.081741585), (0.654486903, -0.283013097, 0.0919869035), (0.5625, -0.293258415, 0.081741585), (0.654486903, -0.283013097, 0.0919869035), (0.5625, -0.335410014, 0.1875), (0.609394753, -0.328105247, 0.1875), (0.654486903, -0.283013097, 0.0919869035), (0.609394753, -0.328105247, 0.1875), (0.75, -0.30246297, 0.1875), (0.601770494, -0.335729506, 0.226770494), (0.75, -0.355139725, 0.375), (0.75, -0.312400107, 0.250099893), (0.609394753, -0.328105247, 0.1875), (0.601770494, -0.335729506, 0.226770494), (0.75, -0.30246297, 0.1875), (0.75, -0.312400107, 0.250099893), (0.609394753, -0.328105247, 0.1875), (0.5625, -0.335410014, 0.1875), (0.601770494, -0.335729506, 0.226770494), (0.5625, -0.335410014, 0.1875), (0.5625, -0.346974447, 0.215525553), (0.601770494, -0.335729506, 0.226770494), (0.5625, -0.346974447, 0.215525553), (0.5625, -0.375, 0.258992366), (0.601770494, -0.335729506, 0.226770494), (0.5625, -0.375, 0.258992366), (0.601770494, -0.335729506, 0.226770494), (0.70949181, -0.375, 0.375), (0.75, -0.355139725, 0.375), (0.70949181, -0.375, 0.375), (0.75, -0.375, 0.413612496), (0.75, -0.359454422, 0.390545578), (0.70949181, -0.375, 0.375), (0.75, -0.355139725, 0.375), (0.75, -0.359454422, 0.390545578), (0.5625, 0.387409715, -0.75), (0.690860746, 0.5625, -0.75), (0.631492095, 0.5625, -0.681007905), (0.5625, 0.387409715, -0.75), (0.5625, 0.5625, -0.61201581), (0.631492095, 0.5625, -0.681007905), (0.631492095, 0.5625, -0.681007905), (0.690860746, 0.5625, -0.75), (0.691057061, 0.691057061, -0.621442939), (0.690860746, 0.5625, -0.75), (0.691057061, 0.691057061, -0.621442939), (0.75, 0.625968847, -0.75), (0.75, 0.75, -0.625765242), (0.691057061, 0.691057061, -0.621442939), (0.75, 0.75, -0.625765242), (0.718367379, 0.75, -0.594132621), (0.691057061, 0.691057061, -0.621442939), (0.718367379, 0.75, -0.594132621), (0.681607224, 0.75, -0.5625), (0.5625, 0.5625, -0.61201581), (0.691057061, 0.691057061, -0.621442939), (0.5625, 0.620637767, -0.5625), (0.681607224, 0.75, -0.5625), (0.5625, 0.5625, -0.61201581), (0.631492095, 0.5625, -0.681007905), (0.691057061, 0.691057061, -0.621442939), (0.5625, 0.620637767, -0.5625), (0.681607224, 0.75, -0.5625), (0.624677574, 0.75, -0.500322426), (0.5625, 0.620637767, -0.5625), (0.5625, 0.75, -0.458913015), (0.624677574, 0.75, -0.500322426), (0.703833403, 0.703833403, 0.703833403), (0.75, 0.621866778, 0.75), (0.75, 0.683442508, 0.683442508), (0.703833403, 0.703833403, 0.703833403), (0.75, 0.683442508, 0.683442508), (0.75, 0.75, 0.621866778), (0.703833403, 0.703833403, 0.703833403), (0.75, 0.75, 0.621866778), (0.683442508, 0.75, 0.683442508), (0.703833403, 0.703833403, 0.703833403), (0.683442508, 0.75, 0.683442508), (0.621866778, 0.75, 0.75), (0.703833403, 0.703833403, 0.703833403), (0.621866778, 0.75, 0.75), (0.683442508, 0.683442508, 0.75), (0.703833403, 0.703833403, 0.703833403), (0.683442508, 0.683442508, 0.75), (0.75, 0.621866778, 0.75)]
                int[] faceVertexCounts = [3, 3, 3, 3, 3, 3, 3, 3, 3, 3, 3, 3, 3, 3, 3, 3, 3, 3, 3, 3, 3, 3, 3, 3, 3, 3, 3, 3, 3, 3, 3, 3, 3, 3, 3, 3, 3, 3, 3, 3, 3, 3, 3, 3, 3, 3, 3, 3, 3, 3, 3, 3, 3, 3, 3, 3, 3, 3, 3, 3, 3, 3, 3, 3, 3, 3, 3, 3, 3, 3, 3, 3, 3, 3, 3, 3, 3, 3, 3, 3, 3, 3, 3, 3, 3, 3, 3, 3, 3, 3, 3, 3, 3, 3, 3, 3, 3, 3, 3, 3, 3, 3, 3, 3, 3, 3, 3, 3, 3, 3, 3, 3, 3, 3, 3, 3, 3, 3, 3, 3, 3, 3, 3, 3, 3, 3, 3, 3, 3, 3, 3, 3, 3, 3, 3, 3, 3, 3, 3, 3, 3, 3, 3, 3, 3, 3, 3, 3, 3, 3, 3, 3, 3, 3, 3, 3, 3, 3, 3, 3, 3, 3, 3, 3, 3, 3, 3, 3, 3, 3, 3, 3, 3, 3, 3, 3, 3, 3, 3, 3, 3, 3, 3, 3, 3, 3, 3, 3, 3, 3, 3, 3, 3, 3, 3, 3, 3, 3, 3, 3, 3, 3, 3, 3, 3, 3, 3, 3, 3, 3, 3, 3, 3, 3, 3, 3, 3, 3, 3, 3, 3, 3, 3, 3, 3, 3, 3, 3, 3, 3, 3, 3, 3, 3, 3, 3, 3, 3, 3, 3, 3, 3, 3, 3, 3, 3, 3, 3, 3, 3, 3, 3, 3, 3, 3, 3, 3, 3, 3, 3, 3, 3, 3, 3, 3, 3, 3, 3, 3, 3, 3, 3, 3, 3, 3, 3, 3, 3, 3, 3, 3, 3, 3, 3, 3, 3, 3, 3, 3, 3, 3, 3, 3, 3, 3, 3, 3, 3, 3, 3, 3, 3, 3, 3, 3, 3, 3, 3, 3, 3, 3, 3, 3, 3, 3, 3, 3, 3, 3, 3, 3, 3, 3, 3, 3, 3, 3, 3, 3, 3, 3, 3, 3, 3, 3, 3, 3, 3, 3, 3, 3, 3, 3, 3, 3, 3, 3, 3, 3, 3, 3, 3, 3, 3, 3, 3, 3, 3, 3, 3, 3, 3, 3, 3, 3, 3, 3, 3, 3, 3, 3, 3, 3, 3, 3, 3, 3, 3, 3, 3, 3, 3, 3, 3, 3, 3, 3, 3, 3, 3, 3, 3, 3, 3, 3, 3, 3, 3, 3, 3, 3, 3, 3, 3, 3, 3, 3, 3, 3, 3, 3, 3, 3, 3, 3, 3, 3, 3, 3, 3, 3, 3, 3, 3, 3, 3, 3, 3, 3, 3, 3, 3, 3, 3, 3, 3, 3, 3, 3, 3, 3, 3, 3, 3, 3, 3, 3, 3, 3, 3, 3, 3, 3, 3, 3, 3, 3, 3, 3, 3, 3, 3, 3, 3, 3, 3, 3, 3, 3, 3, 3, 3, 3, 3, 3, 3, 3, 3, 3, 3, 3, 3, 3, 3, 3, 3, 3, 3, 3, 3, 3, 3, 3, 3, 3, 3, 3, 3, 3, 3, 3, 3, 3, 3, 3, 3, 3, 3, 3, 3, 3, 3, 3, 3, 3, 3, 3, 3, 3, 3, 3, 3, 3, 3, 3, 3, 3, 3, 3, 3, 3, 3, 3, 3, 3, 3, 3, 3, 3, 3, 3, 3, 3, 3, 3, 3, 3, 3, 3, 3, 3, 3, 3, 3, 3, 3, 3, 3, 3, 3, 3, 3, 3, 3, 3, 3, 3, 3, 3, 3, 3, 3, 3, 3, 3, 3, 3, 3, 3, 3, 3, 3, 3, 3, 3, 3, 3, 3, 3, 3, 3, 3, 3, 3, 3, 3, 3, 3, 3, 3, 3, 3, 3, 3, 3, 3, 3, 3, 3, 3, 3, 3, 3, 3, 3, 3, 3, 3, 3, 3, 3, 3, 3, 3, 3, 3, 3, 3, 3, 3, 3, 3, 3, 3, 3, 3, 3, 3, 3, 3, 3, 3, 3, 3, 3, 3, 3, 3, 3, 3, 3, 3, 3, 3, 3, 3, 3, 3, 3, 3, 3, 3, 3, 3, 3, 3, 3, 3, 3, 3, 3, 3, 3, 3, 3, 3, 3, 3, 3, 3, 3, 3, 3, 3, 3, 3, 3, 3, 3, 3, 3, 3, 3, 3, 3, 3, 3, 3, 3, 3, 3, 3, 3, 3, 3, 3, 3, 3, 3, 3, 3, 3, 3, 3, 3, 3, 3, 3, 3, 3, 3, 3, 3, 3, 3, 3, 3, 3, 3, 3, 3, 3, 3, 3, 3, 3, 3, 3, 3, 3, 3, 3, 3, 3, 3, 3, 3, 3, 3, 3, 3, 3, 3, 3, 3, 3, 3, 3, 3, 3, 3, 3, 3, 3, 3, 3, 3, 3, 3, 3, 3, 3, 3, 3, 3, 3, 3, 3, 3, 3, 3, 3, 3, 3, 3, 3, 3, 3, 3, 3, 3, 3, 3, 3, 3, 3, 3, 3, 3, 3, 3, 3, 3, 3, 3, 3, 3, 3, 3, 3, 3, 3, 3, 3, 3, 3, 3, 3, 3, 3, 3, 3, 3, 3, 3, 3, 3, 3, 3, 3, 3, 3, 3, 3, 3, 3, 3, 3, 3, 3, 3, 3, 3, 3, 3, 3, 3, 3, 3, 3, 3, 3, 3, 3, 3, 3, 3, 3, 3, 3, 3, 3, 3, 3, 3, 3, 3, 3, 3, 3, 3, 3, 3, 3, 3, 3, 3, 3, 3, 3, 3, 3, 3, 3, 3, 3, 3, 3, 3, 3, 3, 3, 3, 3, 3, 3, 3, 3, 3, 3, 3, 3, 3, 3, 3, 3, 3, 3, 3, 3, 3, 3, 3, 3, 3, 3, 3, 3, 3, 3, 3, 3, 3, 3, 3, 3, 3, 3, 3, 3, 3, 3, 3, 3, 3, 3, 3, 3, 3, 3, 3, 3, 3, 3, 3, 3, 3, 3, 3, 3, 3, 3, 3, 3, 3, 3, 3, 3, 3, 3, 3, 3, 3, 3, 3, 3, 3, 3, 3, 3, 3, 3, 3, 3, 3, 3, 3, 3, 3, 3, 3, 3, 3, 3, 3, 3, 3, 3, 3, 3, 3, 3, 3, 3, 3, 3, 3, 3, 3, 3, 3, 3, 3, 3, 3, 3, 3, 3]
                int[] faceVertexIndices = [0, 1, 2, 3, 4, 5, 6, 7, 8, 9, 10, 11, 12, 13, 14, 15, 16, 17, 18, 19, 20, 18, 20, 21, 22, 23, 24, 25, 26, 27, 25, 27, 28, 29, 30, 31, 32, 33, 34, 35, 36, 37, 35, 37, 38, 39, 40, 41, 42, 43, 44, 45, 46, 47, 45, 47, 48, 49, 50, 51, 52, 53, 54, 55, 56, 57, 55, 57, 58, 59, 60, 61, 62, 63, 64, 65, 66, 67, 65, 67, 68, 69, 70, 71, 72, 73, 74, 75, 76, 77, 75, 77, 78, 79, 80, 81, 82, 83, 84, 85, 86, 87, 85, 87, 88, 89, 90, 91, 92, 93, 94, 95, 96, 97, 95, 97, 98, 99, 100, 101, 102, 103, 104, 102, 104, 105, 106, 107, 108, 109, 110, 111, 112, 113, 114, 115, 116, 117, 118, 119, 120, 121, 122, 123, 124, 125, 126, 127, 128, 129, 130, 131, 132, 130, 132, 133, 134, 135, 136, 137, 138, 139, 140, 141, 142, 140, 142, 143, 144, 145, 146, 147, 148, 149, 150, 151, 152, 153, 154, 155, 156, 157, 158, 156, 158, 159, 160, 161, 162, 163, 164, 165, 166, 167, 168, 166, 168, 169, 170, 171, 172, 173, 174, 175, 176, 177, 178, 179, 180, 181, 182, 183, 184, 185, 186, 187, 185, 187, 188, 189, 190, 191, 192, 193, 194, 195, 196, 197, 195, 197, 198, 199, 200, 201, 202, 203, 204, 205, 206, 207, 208, 209, 210, 211, 212, 213, 214, 215, 216, 217, 218, 219, 220, 221, 222, 223, 224, 225, 226, 227, 228, 229, 230, 231, 229, 231, 232, 233, 234, 235, 233, 235, 236, 237, 238, 239, 240, 241, 242, 243, 244, 245, 246, 247, 248, 249, 250, 251, 249, 251, 252, 253, 254, 255, 253, 255, 256, 257, 258, 259, 260, 261, 262, 263, 264, 265, 266, 267, 268, 269, 270, 271, 272, 273, 274, 275, 276, 277, 278, 279, 280, 281, 282, 283, 281, 283, 284, 285, 286, 287, 285, 287, 288, 289, 290, 291, 292, 293, 294, 295, 296, 297, 295, 297, 298, 299, 300, 301, 302, 303, 304, 305, 306, 307, 305, 307, 308, 309, 310, 311, 312, 313, 314, 312, 314, 315, 316, 317, 318, 316, 318, 319, 320, 321, 322, 323, 324, 325, 326, 327, 328, 326, 328, 329, 330, 331, 332, 330, 332, 333, 334, 335, 336, 337, 338, 339, 340, 341, 342, 343, 344, 345, 346, 347, 348, 346, 348, 349, 350, 351, 352, 350, 352, 353, 354, 355, 356, 357, 358, 359, 360, 361, 362, 363, 364, 365, 366, 367, 368, 366, 368, 369, 370, 371, 372, 370, 372, 373, 374, 375, 376, 374, 376, 377, 378, 379, 380, 381, 382, 383, 384, 385, 386, 384, 386, 387, 388, 389, 390, 391, 392, 393, 394, 395, 396, 397, 398, 399, 400, 401, 402, 400, 402, 403, 404, 405, 406, 407, 408, 409, 407, 409, 410, 411, 412, 413, 414, 415, 416, 417, 418, 419, 420, 421, 422, 423, 424, 425, 426, 427, 428, 426, 428, 429, 430, 431, 432, 433, 434, 435, 436, 437, 438, 439, 440, 441, 439, 441, 442, 443, 444, 445, 446, 447, 448, 449, 450, 451, 452, 453, 454, 452, 454, 455, 456, 457, 458, 459, 460, 461, 462, 463, 464, 465, 466, 467, 468, 469, 470, 468, 470, 471, 472, 473, 474, 475, 476, 477, 478, 479, 480, 478, 480, 481, 482, 483, 484, 485, 486, 487, 485, 487, 488, 489, 490, 491, 492, 493, 494, 492, 494, 495, 496, 497, 498, 499, 500, 501, 502, 503, 504, 505, 506, 507, 508, 509, 510, 508, 510, 511, 512, 513, 514, 515, 516, 517, 518, 519, 520, 518, 520, 521, 522, 523, 524, 525, 526, 527, 528, 529, 530, 528, 530, 531, 532, 533, 534, 535, 536, 537, 538, 539, 540, 541, 542, 543, 544, 545, 546, 547, 548, 549, 550, 551, 552, 550, 552, 553, 554, 555, 556, 554, 556, 557, 558, 559, 560, 558, 560, 561, 562, 563, 564, 565, 566, 567, 568, 569, 570, 568, 570, 571, 572, 573, 574, 575, 576, 577, 578, 579, 580, 578, 580, 581, 582, 583, 584, 585, 586, 587, 588, 589, 590, 588, 590, 591, 592, 593, 594, 595, 596, 597, 598, 599, 600, 601, 602, 603, 604, 605, 606, 607, 608, 609, 610, 611, 612, 610, 612, 613, 614, 615, 616, 614, 616, 617, 618, 619, 620, 618, 620, 621, 622, 623, 624, 625, 626, 627, 628, 629, 630, 628, 630, 631, 632, 633, 634, 635, 636, 637, 638, 639, 640, 638, 640, 641, 642, 643, 644, 645, 646, 647, 648, 649, 650, 648, 650, 651, 652, 653, 654, 655, 656, 657, 658, 659, 660, 658, 660, 661, 662, 663, 664, 665, 666, 667, 668, 669, 670, 668, 670, 671, 672, 673, 674, 675, 676, 677, 678, 679, 680, 681, 682, 683, 684, 685, 686, 687, 688, 689, 690, 691, 692, 690, 692, 693, 694, 695, 696, 694, 696, 697, 698, 699, 700, 698, 700, 701, 702, 703, 704, 702, 704, 705, 706, 707, 708, 706, 708, 709, 710, 711, 712, 710, 712, 713, 714, 715, 716, 717, 718, 719, 720, 721, 722, 723, 724, 725, 726, 727, 728, 726, 728, 729, 730, 731, 732, 730, 732, 733, 734, 735, 736, 737, 738, 739, 740, 741, 742, 743, 744, 745, 746, 747, 748, 746, 748, 749, 750, 751, 752, 750, 752, 753, 754, 755, 756, 757, 758, 759, 760, 761, 762, 763, 764, 765, 763, 765, 766, 767, 768, 769, 770, 771, 772, 770, 772, 773, 774, 775, 776, 777, 778, 779, 780, 781, 782, 783, 784, 785, 783, 785, 786, 787, 788, 789, 787, 789, 790, 791, 792, 793, 794, 795, 796, 794, 796, 797, 798, 799, 800, 798, 800, 801, 802, 803, 804, 805, 806, 807, 808, 809, 810, 808, 810, 811, 812, 813, 814, 812, 814, 815, 816, 817, 818, 819, 820, 821, 822, 823, 824, 825, 826, 827, 828, 829, 830, 831, 832, 833, 834, 835, 836, 837, 838, 839, 840, 841, 842, 840, 842, 843, 844, 845, 846, 847, 848, 849, 850, 851, 852, 850, 852, 853, 854, 855, 856, 857, 858, 859, 860, 861, 862, 860, 862, 863, 864, 865, 866, 867, 868, 869, 870, 871, 872, 870, 872, 873, 874, 875, 876, 877, 878, 879, 880, 881, 882, 880, 882, 883, 884, 885, 886, 887, 888, 889, 890, 891, 892, 890, 892, 893, 894, 895, 896, 897, 898, 899, 900, 901, 902, 903, 904, 905, 906, 907, 908, 909, 910, 911, 912, 913, 914, 915, 916, 917, 918, 919, 920, 918, 920, 921, 922, 923, 924, 922, 924, 925, 926, 927, 928, 926, 928, 929, 930, 931, 932, 930, 932, 933, 934, 935, 936, 937, 938, 939, 940, 941, 942, 943, 944, 945, 946, 947, 948, 949, 950, 951, 952, 953, 954, 955, 956, 957, 958, 959, 960, 958, 960, 961, 962, 963, 964, 962, 964, 965, 966, 967, 968, 966, 968, 969, 970, 971, 972, 970, 972, 973, 974, 975, 976, 974, 976, 977, 978, 979, 980, 978, 980, 981, 982, 983, 984, 985, 986, 987, 988, 989, 990, 991, 992, 993, 994, 995, 996, 997, 998, 999, 1000, 1001, 1002, 1003, 1004, 1005, 1006, 1007, 1008, 1009, 1010, 1011, 1012, 1013, 1014, 1015, 1016, 1017, 1018, 1019, 1020, 1018, 1020, 1021, 1022, 1023, 1024, 1022, 1024, 1025, 1026, 1027, 1028, 1026, 1028, 1029, 1030, 1031, 1032, 1030, 1032, 1033, 1034, 1035, 1036, 1034, 1036, 1037, 1038, 1039, 1040, 1038, 1040, 1041, 1042, 1043, 1044, 1045, 1046, 1047, 1048, 1049, 1050, 1051, 1052, 1053, 1054, 1055, 1056, 1057, 1058, 1059, 1060, 1061, 1062, 1063, 1064, 1065, 1066, 1067, 1068, 1069, 1070, 1071, 1072, 1073, 1074, 1075, 1076, 1077, 1078, 1079, 1080, 1078, 1080, 1081, 1082, 1083, 1084, 1082, 1084, 1085, 1086, 1087, 1088, 1086, 1088, 1089, 1090, 1091, 1092, 1090, 1092, 1093, 1094, 1095, 1096, 1094, 1096, 1097, 1098, 1099, 1100, 1098, 1100, 1101, 1102, 1103, 1104, 1105, 1106, 1107, 1108, 1109, 1110, 1111, 1112, 1113, 1114, 1115, 1116, 1117, 1118, 1119, 1120, 1121, 1122, 1120, 1122, 1123, 1124, 1125, 1126, 1127, 1128, 1129, 1130, 1131, 1132, 1130, 1132, 1133, 1134, 1135, 1136, 1134, 1136, 1137, 1138, 1139, 1140, 1138, 1140, 1141, 1142, 1143, 1144, 1145, 1146, 1147, 1148, 1149, 1150, 1151, 1152, 1153, 1154, 1155, 1156, 1157, 1158, 1159, 1160, 1161, 1162, 1160, 1162, 1163, 1164, 1165, 1166, 1167, 1168, 1169, 1170, 1171, 1172, 1170, 1172, 1173, 1174, 1175, 1176, 1177, 1178, 1179, 1180, 1181, 1182, 1180, 1182, 1183, 1184, 1185, 1186, 1187, 1188, 1189, 1190, 1191, 1192, 1190, 1192, 1193, 1194, 1195, 1196, 1197, 1198, 1199, 1200, 1201, 1202, 1203, 1204, 1205, 1206, 1207, 1208, 1209, 1210, 1211, 1212, 1213, 1214, 1215, 1216, 1217, 1218, 1219, 1220, 1218, 1220, 1221, 1222, 1223, 1224, 1222, 1224, 1225, 1226, 1227, 1228, 1226, 1228, 1229, 1230, 1231, 1232, 1230, 1232, 1233, 1234, 1235, 1236, 1237, 1238, 1239, 1240, 1241, 1242, 1243, 1244, 1245, 1246, 1247, 1248, 1249, 1250, 1251, 1252, 1253, 1254, 1255, 1256, 1257, 1258, 1259, 1260, 1258, 1260, 1261, 1262, 1263, 1264, 1262, 1264, 1265, 1266, 1267, 1268, 1266, 1268, 1269, 1270, 1271, 1272, 1270, 1272, 1273, 1274, 1275, 1276, 1274, 1276, 1277, 1278, 1279, 1280, 1278, 1280, 1281, 1282, 1283, 1284, 1285, 1286, 1287, 1288, 1289, 1290, 1291, 1292, 1293, 1294, 1295, 1296, 1297, 1298, 1299, 1300, 1301, 1302, 1303, 1304, 1305, 1306, 1307, 1308, 1309, 1310, 1311, 1312, 1313, 1314, 1315, 1316, 1317, 1318, 1319, 1320, 1318, 1320, 1321, 1322, 1323, 1324, 1322, 1324, 1325, 1326, 1327, 1328, 1326, 1328, 1329, 1330, 1331, 1332, 1330, 1332, 1333, 1334, 1335, 1336, 1334, 1336, 1337, 1338, 1339, 1340, 1338, 1340, 1341, 1342, 1343, 1344, 1345, 1346, 1347, 1348, 1349, 1350, 1351, 1352, 1353, 1354, 1355, 1356, 1357, 1358, 1359, 1360, 1361, 1362, 1363, 1364, 1365, 1366, 1367, 1368, 1369, 1370, 1371, 1372, 1373, 1374, 1375, 1376, 1377, 1378, 1379, 1380, 1378, 1380, 1381, 1382, 1383, 1384, 1382, 1384, 1385, 1386, 1387, 1388, 1386, 1388, 1389, 1390, 1391, 1392, 1390, 1392, 1393, 1394, 1395, 1396, 1394, 1396, 1397, 1398, 1399, 1400, 1398, 1400, 1401, 1402, 1403, 1404, 1405, 1406, 1407, 1408, 1409, 1410, 1411, 1412, 1413, 1414, 1415, 1416, 1417, 1418, 1419, 1420, 1421, 1422, 1420, 1422, 1423, 1424, 1425, 1426, 1427, 1428, 1429, 1430, 1431, 1432, 1430, 1432, 1433, 1434, 1435, 1436, 1434, 1436, 1437, 1438, 1439, 1440, 1438, 1440, 1441, 1442, 1443, 1444, 1445, 1446, 1447, 1448, 1449, 1450, 1451, 1452, 1453, 1454, 1455, 1456, 1457, 1458, 1459, 1460, 1461, 1462, 1460, 1462, 1463, 1464, 1465, 1466, 1467, 1468, 1469, 1470, 1471, 1472, 1470, 1472, 1473, 1474, 1475, 1476, 1477, 1478, 1479, 1480, 1481, 1482, 1480, 1482, 1483, 1484, 1485, 1486, 1487, 1488, 1489, 1490, 1491, 1492, 1490, 1492, 1493, 1494, 1495, 1496, 1497, 1498, 1499, 1500, 1501, 1502, 1500, 1502, 1503, 1504, 1505, 1506, 1507, 1508, 1509, 1510, 1511, 1512, 1510, 1512, 1513, 1514, 1515, 1516, 1517, 1518, 1519, 1520, 1521, 1522, 1523, 1524, 1525, 1526, 1527, 1528, 1529, 1530, 1531, 1529, 1531, 1532, 1533, 1534, 1535, 1533, 1535, 1536, 1537, 1538, 1539, 1540, 1541, 1542, 1540, 1542, 1543, 1544, 1545, 1546, 1544, 1546, 1547, 1548, 1549, 1550, 1551, 1552, 1553, 1554, 1555, 1556, 1557, 1558, 1559, 1560, 1561, 1562, 1563, 1564, 1565, 1566, 1567, 1568, 1569, 1570, 1571, 1572, 1573, 1574, 1575, 1576, 1577, 1578, 1579, 1580, 1581, 1582, 1583, 1581, 1583, 1584, 1585, 1586, 1587, 1585, 1587, 1588, 1589, 1590, 1591, 1589, 1591, 1592, 1593, 1594, 1595, 1593, 1595, 1596, 1597, 1598, 1599, 1600, 1601, 1602, 1600, 1602, 1603, 1604, 1605, 1606, 1604, 1606, 1607, 1608, 1609, 1610, 1611, 1612, 1613, 1614, 1615, 1616, 1617, 1618, 1619, 1620, 1621, 1622, 1623, 1624, 1625, 1626, 1627, 1628, 1629, 1630, 1631, 1632, 1633, 1634, 1635, 1636, 1637, 1638, 1639, 1640, 1638, 1640, 1641, 1642, 1643, 1644, 1642, 1644, 1645, 1646, 1647, 1648, 1646, 1648, 1649, 1650, 1651, 1652, 1650, 1652, 1653, 1654, 1655, 1656, 1654, 1656, 1657, 1658, 1659, 1660, 1658, 1660, 1661, 1662, 1663, 1664, 1665, 1666, 1667, 1668, 1669, 1670, 1671, 1672, 1673, 1674, 1675, 1676, 1677, 1678, 1679, 1680, 1681, 1682, 1683, 1684, 1685, 1686, 1687, 1688, 1689, 1690, 1691, 1692, 1693, 1694, 1695, 1696, 1697, 1698, 1699, 1700, 1698, 1700, 1701, 1702, 1703, 1704, 1702, 1704, 1705, 1706, 1707, 1708, 1706, 1708, 1709, 1710, 1711, 1712, 1710, 1712, 1713, 1714, 1715, 1716, 1714, 1716, 1717, 1718, 1719, 1720, 1718, 1720, 1721, 1722, 1723, 1724, 1725, 1726, 1727, 1728, 1729, 1730, 1731, 1732, 1733, 1734, 1735, 1736, 1737, 1738, 1739, 1740, 1741, 1742, 1740, 1742, 1743, 1744, 1745, 1746, 1747, 1748, 1749, 1750, 1751, 1752, 1753, 1754, 1755, 1756, 1757, 1758, 1756, 1758, 1759, 1760, 1761, 1762, 1763, 1764, 1765, 1766, 1767, 1768, 1766, 1768, 1769, 1770, 1771, 1772, 1770, 1772, 1773, 1774, 1775, 1776, 1777, 1778, 1779, 1780, 1781, 1782, 1780, 1782, 1783, 1784, 1785, 1786, 1787, 1788, 1789, 1790, 1791, 1792, 1793, 1794, 1795, 1796, 1797, 1798, 1796, 1798, 1799, 1800, 1801, 1802, 1803, 1804, 1805, 1806, 1807, 1808, 1806, 1808, 1809, 1810, 1811, 1812, 1810, 1812, 1813, 1814, 1815, 1816, 1817, 1818, 1819, 1820, 1821, 1822, 1823, 1824, 1825, 1826, 1827, 1828, 1829, 1830, 1831, 1829, 1831, 1832, 1833, 1834, 1835, 1836, 1837, 1838, 1836, 1838, 1839, 1840, 1841, 1842, 1843, 1844, 1845, 1846, 1847, 1848, 1849, 1850, 1851, 1852, 1853, 1854, 1855, 1856, 1857, 1855, 1857, 1858, 1859, 1860, 1861, 1862, 1863, 1864, 1862, 1864, 1865, 1866, 1867, 1868, 1869, 1870, 1871, 1872, 1873, 1874, 1875, 1876, 1877, 1878, 1879, 1880, 1881, 1882, 1883, 1884, 1885, 1886, 1887, 1888, 1889, 1887, 1889, 1890, 1891, 1892, 1893, 1891, 1893, 1894, 1895, 1896, 1897, 1898, 1899, 1900, 1898, 1900, 1901, 1902, 1903, 1904, 1902, 1904, 1905, 1906, 1907, 1908, 1909, 1910, 1911, 1912, 1913, 1914, 1915, 1916, 1917, 1918, 1919, 1920, 1918, 1920, 1921, 1922, 1923, 1924, 1925, 1926, 1927, 1925, 1927, 1928, 1929, 1930, 1931, 1932, 1933, 1934, 1935, 1936, 1937, 1938, 1939, 1940, 1941, 1942, 1943, 1941, 1943, 1944, 1945, 1946, 1947, 1945, 1947, 1948, 1949, 1950, 1951, 1952, 1953, 1954, 1955, 1956, 1957, 1958, 1959, 1960, 1961, 1962, 1963, 1961, 1963, 1964, 1965, 1966, 1967, 1965, 1967, 1968, 1969, 1970, 1971, 1972, 1973, 1974, 1975, 1976, 1977, 1978, 1979, 1980, 1981, 1982, 1983, 1981, 1983, 1984, 1985, 1986, 1987, 1985, 1987, 1988, 1989, 1990, 1991, 1989, 1991, 1992, 1993, 1994, 1995, 1993, 1995, 1996, 1997, 1998, 1999, 2000, 2001, 2002, 2003, 2004, 2005, 2003, 2005, 2006, 2007, 2008, 2009, 2010, 2011, 2012, 2013, 2014, 2015, 2013, 2015, 2016, 2017, 2018, 2019, 2020, 2021, 2022, 2020, 2022, 2023, 2024, 2025, 2026, 2024, 2026, 2027, 2028, 2029, 2030, 2031, 2032, 2033, 2034, 2035, 2036, 2037, 2038, 2039, 2040, 2041, 2042, 2043, 2044, 2045, 2046, 2047, 2048, 2046, 2048, 2049, 2050, 2051, 2052, 2053, 2054, 2055, 2056, 2057, 2058, 2056, 2058, 2059, 2060, 2061, 2062, 2063, 2064, 2065, 2066, 2067, 2068, 2066, 2068, 2069, 2070, 2071, 2072, 2073, 2074, 2075, 2076, 2077, 2078, 2076, 2078, 2079, 2080, 2081, 2082, 2083, 2084, 2085, 2086, 2087, 2088, 2086, 2088, 2089, 2090, 2091, 2092, 2090, 2092, 2093, 2094, 2095, 2096, 2094, 2096, 2097, 2098, 2099, 2100, 2098, 2100, 2101, 2102, 2103, 2104, 2105, 2106, 2107, 2108, 2109, 2110, 2111, 2112, 2113, 2114, 2115, 2116, 2117, 2118, 2119, 2120, 2121, 2122, 2123, 2124, 2125, 2126, 2127, 2128, 2126, 2128, 2129, 2130, 2131, 2132, 2133, 2134, 2135, 2136, 2137, 2138, 2136, 2138, 2139, 2140, 2141, 2142, 2143, 2144, 2145, 2146, 2147, 2148, 2146, 2148, 2149, 2150, 2151, 2152, 2150, 2152, 2153, 2154, 2155, 2156, 2154, 2156, 2157, 2158, 2159, 2160, 2158, 2160, 2161, 2162, 2163, 2164, 2165, 2166, 2167, 2168, 2169, 2170, 2171, 2172, 2173, 2174, 2175, 2176, 2177, 2178, 2179, 2180, 2181, 2182, 2183, 2184, 2185, 2186, 2187, 2188, 2186, 2188, 2189, 2190, 2191, 2192, 2193, 2194, 2195, 2196, 2197, 2198, 2196, 2198, 2199, 2200, 2201, 2202, 2203, 2204, 2205, 2206, 2207, 2208, 2206, 2208, 2209, 2210, 2211, 2212, 2210, 2212, 2213, 2214, 2215, 2216, 2217, 2218, 2219, 2220, 2221, 2222, 2223, 2224, 2225, 2223, 2225, 2226, 2227, 2228, 2229, 2230, 2231, 2232, 2233, 2234, 2235, 2236, 2237, 2238, 2236, 2238, 2239, 2240, 2241, 2242, 2243, 2244, 2245, 2246, 2247, 2248, 2246, 2248, 2249, 2250, 2251, 2252, 2250, 2252, 2253, 2254, 2255, 2256, 2257, 2258, 2259, 2260, 2261, 2262, 2263, 2264, 2265, 2266, 2267, 2268, 2269, 2270, 2271, 2269, 2271, 2272, 2273, 2274, 2275, 2276, 2277, 2278, 2279, 2280, 2281, 2279, 2281, 2282, 2283, 2284, 2285, 2286, 2287, 2288, 2289, 2290, 2291, 2292, 2293, 2294, 2295, 2296, 2297, 2298, 2299, 2300, 2301, 2302, 2303, 2304, 2305, 2306, 2307, 2308, 2309, 2310, 2311, 2312, 2310, 2312, 2313, 2314, 2315, 2316, 2317, 2318, 2319, 2320, 2321, 2322, 2320, 2322, 2323, 2324, 2325, 2326, 2324, 2326, 2327, 2328, 2329, 2330, 2331, 2332, 2333, 2334, 2335, 2336, 2334, 2336, 2337, 2338, 2339, 2340, 2341, 2342, 2343, 2344, 2345, 2346, 2347, 2348, 2349, 2350, 2351, 2352, 2353, 2354, 2355, 2356, 2357, 2358, 2359, 2360, 2361, 2362, 2363, 2364, 2362, 2364, 2365, 2366, 2367, 2368, 2369, 2370, 2371, 2372, 2373, 2374, 2372, 2374, 2375, 2376, 2377, 2378, 2379, 2380, 2381, 2382, 2383, 2384, 2385, 2386, 2387, 2388, 2389, 2390, 2388, 2390, 2391, 2392, 2393, 2394, 2395, 2396, 2397, 2398, 2399, 2400, 2401, 2402, 2403, 2401, 2403, 2404, 2405, 2406, 2407, 2408, 2409, 2410, 2411, 2412, 2413, 2411, 2413, 2414, 2415, 2416, 2417, 2418, 2419, 2420, 2421, 2422, 2423, 2421, 2423, 2424, 2425, 2426, 2427, 2428, 2429, 2430, 2431, 2432, 2433, 2431, 2433, 2434, 2435, 2436, 2437, 2438, 2439, 2440, 2441, 2442, 2443, 2441, 2443, 2444, 2445, 2446, 2447, 2448, 2449, 2450, 2451, 2452, 2453, 2451, 2453, 2454, 2455, 2456, 2457, 2458, 2459, 2460, 2461, 2462, 2463, 2461, 2463, 2464, 2465, 2466, 2467, 2468, 2469, 2470, 2471, 2472, 2473, 2471, 2473, 2474, 2475, 2476, 2477, 2478, 2479, 2480, 2481, 2482, 2483, 2484, 2485, 2486, 2484, 2486, 2487, 2488, 2489, 2490, 2491, 2492, 2493, 2494, 2495, 2496, 2497, 2498, 2499, 2500, 2501, 2502, 2503, 2504, 2505, 2503, 2505, 2506, 2507, 2508, 2509, 2510, 2511, 2512, 2513, 2514, 2515, 2513, 2515, 2516, 2517, 2518, 2519, 2520, 2521, 2522, 2523, 2524, 2525, 2526, 2527, 2528, 2529, 2530, 2531, 2532, 2533, 2534, 2535, 2536, 2537, 2538, 2539, 2540, 2541, 2542, 2543]
                normal3f[] normals = [(0.561942863, -0.564134392, 0.604956698), (0.549601806, -0.555374698, 0.624096787), (0.588941935, -0.549492035, 0.592626274), (0.561942863, -0.564134392, 0.604956698), (0.571074727, -0.571672978, 0.589121093), (0.588941935, -0.549492035, 0.592626274), (-0.467464764, 0.774069862, 0.426957309), (-0.474186799, 0.764965593, 0.435860667), (-0.45078836, 0.774802583, 0.443250282), (-0.467464764, 0.774069862, 0.426957309), (-0.462413948, 0.780345541, 0.420991897), (-0.45078836, 0.774802583, 0.443250282), (-0.200691666, 0.860644023, 0.467990086), (-0.126525387, 0.866926539, 0.482109638), (-0.164418322, 0.845822353, 0.507494987), (-0.200691666, 0.860644023, 0.467990086), (-0.164418322, 0.845822353, 0.507494987), (-0.218120706, 0.811459433, 0.542177966), (-0.462413948, 0.780345541, 0.420991897), (-0.200691666, 0.860644023, 0.467990086), (-0.45078836, 0.774802583, 0.443250282), (-0.218120706, 0.811459433, 0.542177966), (-0.462413948, 0.780345541, 0.420991897), (-0.345314543, 0.890649075, 0.295807524), (-0.200691666, 0.860644023, 0.467990086), (-0.345314543, 0.890649075, 0.295807524), (-0.200691666, 0.860644023, 0.467990086), (-0.270095208, 0.936184818, 0.224959032), (-0.163564969, 0.894043781, 0.417051817), (-0.200691666, 0.860644023, 0.467990086), (-0.163564969, 0.894043781, 0.417051817), (-0.126525387, 0.866926539, 0.482109638), (-0.0685379192, 0.966545565, 0.247168414), (0.160015228, 0.949610503, 0.269508847), (0.0287891098, 0.928290571, 0.370739535), (-0.163564969, 0.894043781, 0.417051817), (-0.0685379192, 0.966545565, 0.247168414), (-0.126525387, 0.866926539, 0.482109638), (0.0287891098, 0.928290571, 0.370739535), (-0.163564969, 0.894043781, 0.417051817), (-0.270095208, 0.936184818, 0.224959032), (-0.0685379192, 0.966545565, 0.247168414), (-0.270095208, 0.936184818, 0.224959032), (-0.140546211, 0.983622433, 0.112843573), (-0.0685379192, 0.966545565, 0.247168414), (-0.140546211, 0.983622433, 0.112843573), (-0.0685379192, 0.966545565, 0.247168414), (-0.00171622079, 0.999993961, -0.0030220448), (0.0682154292, 0.990597682, 0.118587049), (-0.0685379192, 0.966545565, 0.247168414), (0.0682154292, 0.990597682, 0.118587049), (0.160015228, 0.949610503, 0.269508847), (0.16738084, 0.985753095, 0.01656773), (0.418179836, 0.907467547, 0.0403519006), (0.24836524, 0.948880489, 0.194783278), (0.0682154292, 0.990597682, 0.118587049), (0.16738084, 0.985753095, 0.01656773), (0.160015228, 0.949610503, 0.269508847), (0.24836524, 0.948880489, 0.194783278), (0.0682154292, 0.990597682, 0.118587049), (-0.00171622079, 0.999993961, -0.0030220448), (0.16738084, 0.985753095, 0.01656773), (-0.00171622079, 0.999993961, -0.0030220448), (0.145363908, 0.981296322, -0.126201678), (0.16738084, 0.985753095, 0.01656773), (0.145363908, 0.981296322, -0.126201678), (0.16738084, 0.985753095, 0.01656773), (0.266960133, 0.935682174, -0.23071878), (0.331386797, 0.936710534, -0.112943196), (0.16738084, 0.985753095, 0.01656773), (0.331386797, 0.936710534, -0.112943196), (0.418179836, 0.907467547, 0.0403519006), (0.440875961, 0.873420981, -0.206795014), (0.596406443, 0.779071991, -0.193251617), (0.468236875, 0.88339092, -0.019357441), (0.331386797, 0.936710534, -0.112943196), (0.440875961, 0.873420981, -0.206795014), (0.418179836, 0.907467547, 0.0403519006), (0.468236875, 0.88339092, -0.019357441), (0.331386797, 0.936710534, -0.112943196), (0.266960133, 0.935682174, -0.23071878), (0.440875961, 0.873420981, -0.206795014), (0.266960133, 0.935682174, -0.23071878), (0.451237955, 0.789442378, -0.416131037), (0.440875961, 0.873420981, -0.206795014), (0.451237955, 0.789442378, -0.416131037), (0.440875961, 0.873420981, -0.206795014), (0.460060811, 0.779243316, -0.425586543), (0.534298443, 0.792659107, -0.293626827), (0.440875961, 0.873420981, -0.206795014), (0.534298443, 0.792659107, -0.293626827), (0.596406443, 0.779071991, -0.193251617), (0.62370835, 0.660611228, -0.417828553), (0.653537912, 0.627610819, -0.423075475), (0.63964862, 0.691592979, -0.335482928), (0.534298443, 0.792659107, -0.293626827), (0.62370835, 0.660611228, -0.417828553), (0.596406443, 0.779071991, -0.193251617), (0.63964862, 0.691592979, -0.335482928), (0.534298443, 0.792659107, -0.293626827), (0.460060811, 0.779243316, -0.425586543), (0.62370835, 0.660611228, -0.417828553), (0.460060811, 0.779243316, -0.425586543), (0.62370835, 0.660611228, -0.417828553), (0.469232652, 0.767420016, -0.43690644), (0.615096803, 0.638130055, -0.463083099), (0.62370835, 0.660611228, -0.417828553), (0.615096803, 0.638130055, -0.463083099), (0.633357541, 0.633921607, -0.443848647), (0.62370835, 0.660611228, -0.417828553), (0.633357541, 0.633921607, -0.443848647), (0.653537912, 0.627610819, -0.423075475), (0.633357541, 0.633921607, -0.443848647), (0.653537912, 0.627610819, -0.423075475), (0.640868489, 0.591230603, -0.48962634), (0.633357541, 0.633921607, -0.443848647), (0.615096803, 0.638130055, -0.463083099), (0.640868489, 0.591230603, -0.48962634), (-0.564134392, 0.604956698, 0.561942863), (-0.571672978, 0.589121093, 0.571074727), (-0.549492035, 0.592626274, 0.588941935), (-0.564134392, 0.604956698, 0.561942863), (-0.555374698, 0.624096787, 0.549601806), (-0.549492035, 0.592626274, 0.588941935), (-0.473135086, 0.658959807, 0.584735122), (-0.383314733, 0.675849941, 0.629520986), (-0.435219617, 0.626437923, 0.646652467), (-0.473135086, 0.658959807, 0.584735122), (-0.435219617, 0.626437923, 0.646652467), (-0.482258226, 0.581429272, 0.65526102), (-0.555374698, 0.624096787, 0.549601806), (-0.473135086, 0.658959807, 0.584735122), (-0.549492035, 0.592626274, 0.588941935), (-0.482258226, 0.581429272, 0.65526102), (-0.555374698, 0.624096787, 0.549601806), (-0.530794903, 0.674385726, 0.513284194), (-0.473135086, 0.658959807, 0.584735122), (-0.530794903, 0.674385726, 0.513284194), (-0.474186799, 0.764965593, 0.435860667), (-0.473135086, 0.658959807, 0.584735122), (-0.474186799, 0.764965593, 0.435860667), (-0.473135086, 0.658959807, 0.584735122), (-0.45078836, 0.774802583, 0.443250282), (-0.383314733, 0.675849941, 0.629520986), (-0.45078836, 0.774802583, 0.443250282), (-0.218120706, 0.811459433, 0.542177966), (-0.31606524, 0.736018889, 0.598647608), (-0.45078836, 0.774802583, 0.443250282), (-0.383314733, 0.675849941, 0.629520986), (-0.31606524, 0.736018889, 0.598647608), (0.469232652, 0.767420016, -0.43690644), (0.554593877, 0.62278956, -0.551868459), (0.575631928, 0.637877971, -0.511624449), (0.469232652, 0.767420016, -0.43690644), (0.615096803, 0.638130055, -0.463083099), (0.575631928, 0.637877971, -0.511624449), (0.615096803, 0.638130055, -0.463083099), (0.587582219, 0.577425467, -0.566857095), (0.640868489, 0.591230603, -0.48962634), (0.586664937, 0.549270474, -0.595085034), (0.615096803, 0.638130055, -0.463083099), (0.575631928, 0.637877971, -0.511624449), (0.587582219, 0.577425467, -0.566857095), (0.575631928, 0.637877971, -0.511624449), (0.554593877, 0.62278956, -0.551868459), (0.587582219, 0.577425467, -0.566857095), (0.554593877, 0.62278956, -0.551868459), (0.587582219, 0.577425467, -0.566857095), (0.570870601, 0.589497355, -0.571488955), (0.570194175, 0.570834443, -0.590784768), (0.587582219, 0.577425467, -0.566857095), (0.570194175, 0.570834443, -0.590784768), (0.575308186, 0.562331852, -0.593972541), (0.587582219, 0.577425467, -0.566857095), (0.575308186, 0.562331852, -0.593972541), (0.586664937, 0.549270474, -0.595085034), (0.426957309, -0.467464764, 0.774069862), (0.420991897, -0.462413948, 0.780345541), (0.443250282, -0.45078836, 0.774802583), (0.426957309, -0.467464764, 0.774069862), (0.435860667, -0.474186799, 0.764965593), (0.443250282, -0.45078836, 0.774802583), (0.513284194, -0.530794903, 0.674385726), (0.435860667, -0.474186799, 0.764965593), (0.584735122, -0.473135086, 0.658959807), (0.435860667, -0.474186799, 0.764965593), (0.584735122, -0.473135086, 0.658959807), (0.443250282, -0.45078836, 0.774802583), (0.629520986, -0.383314733, 0.675849941), (0.584735122, -0.473135086, 0.658959807), (0.629520986, -0.383314733, 0.675849941), (0.646652467, -0.435219617, 0.626437923), (0.584735122, -0.473135086, 0.658959807), (0.646652467, -0.435219617, 0.626437923), (0.65526102, -0.482258226, 0.581429272), (0.549601806, -0.555374698, 0.624096787), (0.584735122, -0.473135086, 0.658959807), (0.588941935, -0.549492035, 0.592626274), (0.65526102, -0.482258226, 0.581429272), (0.549601806, -0.555374698, 0.624096787), (0.513284194, -0.530794903, 0.674385726), (0.584735122, -0.473135086, 0.658959807), (0.646652467, -0.435219617, 0.626437923), (0.629520986, -0.383314733, 0.675849941), (0.784076214, -0.361004911, 0.504876167), (0.646652467, -0.435219617, 0.626437923), (0.65526102, -0.482258226, 0.581429272), (0.784076214, -0.361004911, 0.504876167), (0.493462513, 0.823478841, 0.279959545), (0.561106987, 0.7777788, 0.283229744), (0.504021925, 0.798388592, 0.329450384), (0.493462513, 0.823478841, 0.279959545), (0.504021925, 0.798388592, 0.329450384), (0.373283115, 0.816524511, 0.440394641), (0.493462513, 0.823478841, 0.279959545), (0.373283115, 0.816524511, 0.440394641), (0.389593402, 0.878042811, 0.277952879), (0.493462513, 0.823478841, 0.279959545), (0.389593402, 0.878042811, 0.277952879), (0.475354215, 0.86903615, 0.137166102), (0.493462513, 0.823478841, 0.279959545), (0.475354215, 0.86903615, 0.137166102), (0.531857122, 0.814036466, 0.23339373), (0.493462513, 0.823478841, 0.279959545), (0.531857122, 0.814036466, 0.23339373), (0.561106987, 0.7777788, 0.283229744), (0.660973812, 0.747523192, 0.0657472234), (0.750745829, 0.653863117, 0.0940410722), (0.662245879, 0.72827201, 0.176210883), (0.531857122, 0.814036466, 0.23339373), (0.660973812, 0.747523192, 0.0657472234), (0.561106987, 0.7777788, 0.283229744), (0.662245879, 0.72827201, 0.176210883), (0.531857122, 0.814036466, 0.23339373), (0.660973812, 0.747523192, 0.0657472234), (0.475354215, 0.86903615, 0.137166102), (0.526338269, 0.848628995, 0.0528853133), (0.660973812, 0.747523192, 0.0657472234), (0.526338269, 0.848628995, 0.0528853133), (0.653555033, 0.750299119, -0.0995843869), (0.660973812, 0.747523192, 0.0657472234), (0.653555033, 0.750299119, -0.0995843869), (0.707093543, 0.70711435, -0.00283153895), (0.660973812, 0.747523192, 0.0657472234), (0.707093543, 0.70711435, -0.00283153895), (0.750745829, 0.653863117, 0.0940410722), (0.795846383, 0.576491598, -0.185164717), (0.867225272, 0.476300127, -0.145115528), (0.805567555, 0.592035013, -0.0235681589), (0.707093543, 0.70711435, -0.00283153895), (0.795846383, 0.576491598, -0.185164717), (0.750745829, 0.653863117, 0.0940410722), (0.805567555, 0.592035013, -0.0235681589), (0.707093543, 0.70711435, -0.00283153895), (0.795846383, 0.576491598, -0.185164717), (0.653555033, 0.750299119, -0.0995843869), (0.71631063, 0.673059784, -0.184091304), (0.795846383, 0.576491598, -0.185164717), (0.71631063, 0.673059784, -0.184091304), (0.776912768, 0.560147361, -0.287474321), (0.795846383, 0.576491598, -0.185164717), (0.776912768, 0.560147361, -0.287474321), (0.812655808, 0.531519226, -0.238909713), (0.795846383, 0.576491598, -0.185164717), (0.812655808, 0.531519226, -0.238909713), (0.867225272, 0.476300127, -0.145115528), (0.812655808, 0.531519226, -0.238909713), (0.867225272, 0.476300127, -0.145115528), (0.814786977, 0.378305893, -0.43932543), (0.812655808, 0.531519226, -0.238909713), (0.776912768, 0.560147361, -0.287474321), (0.814786977, 0.378305893, -0.43932543), (-0.0166918937, 0.722132307, 0.691553549), (0.0236691289, 0.72119782, 0.69232469), (-0.00272726967, 0.707009324, 0.707198966), (-0.0166918937, 0.722132307, 0.691553549), (-0.00272726967, 0.707009324, 0.707198966), (-0.0291168367, 0.692033083, 0.721278325), (-0.0166918937, 0.722132307, 0.691553549), (-0.0291168367, 0.692033083, 0.721278325), (-0.0793070743, 0.722479727, 0.686828532), (-0.164418322, 0.845822353, 0.507494987), (-0.0166918937, 0.722132307, 0.691553549), (-0.218120706, 0.811459433, 0.542177966), (-0.0793070743, 0.722479727, 0.686828532), (-0.164418322, 0.845822353, 0.507494987), (-0.0166918937, 0.722132307, 0.691553549), (-0.126525387, 0.866926539, 0.482109638), (-5.28637589e-05, 0.744490358, 0.667633211), (-0.0166918937, 0.722132307, 0.691553549), (-5.28637589e-05, 0.744490358, 0.667633211), (0.0236691289, 0.72119782, 0.69232469), (0.0981753919, 0.864874573, 0.492294186), (0.32570216, 0.814894351, 0.479442698), (0.173302837, 0.785041088, 0.594707169), (-5.28637589e-05, 0.744490358, 0.667633211), (0.0981753919, 0.864874573, 0.492294186), (0.0236691289, 0.72119782, 0.69232469), (0.173302837, 0.785041088, 0.594707169), (-5.28637589e-05, 0.744490358, 0.667633211), (-0.126525387, 0.866926539, 0.482109638), (0.0981753919, 0.864874573, 0.492294186), (-0.126525387, 0.866926539, 0.482109638), (0.0287891098, 0.928290571, 0.370739535), (0.0981753919, 0.864874573, 0.492294186), (0.0287891098, 0.928290571, 0.370739535), (0.0981753919, 0.864874573, 0.492294186), (0.160015228, 0.949610503, 0.269508847), (0.211966214, 0.913387052, 0.347554913), (0.0981753919, 0.864874573, 0.492294186), (0.211966214, 0.913387052, 0.347554913), (0.32570216, 0.814894351, 0.479442698), (0.389593402, 0.878042811, 0.277952879), (0.267156376, 0.923816417, 0.274209225), (0.373283115, 0.816524511, 0.440394641), (0.341485243, 0.815954629, 0.466482446), (0.211966214, 0.913387052, 0.347554913), (0.267156376, 0.923816417, 0.274209225), (0.32570216, 0.814894351, 0.479442698), (0.341485243, 0.815954629, 0.466482446), (0.211966214, 0.913387052, 0.347554913), (0.160015228, 0.949610503, 0.269508847), (0.267156376, 0.923816417, 0.274209225), (0.160015228, 0.949610503, 0.269508847), (0.24836524, 0.948880489, 0.194783278), (0.267156376, 0.923816417, 0.274209225), (0.24836524, 0.948880489, 0.194783278), (0.267156376, 0.923816417, 0.274209225), (0.418179836, 0.907467547, 0.0403519006), (0.439755192, 0.894738729, 0.077833018), (0.389593402, 0.878042811, 0.277952879), (0.267156376, 0.923816417, 0.274209225), (0.475354215, 0.86903615, 0.137166102), (0.439755192, 0.894738729, 0.077833018), (0.526338269, 0.848628995, 0.0528853133), (0.475354215, 0.86903615, 0.137166102), (0.469383342, 0.881891304, 0.0441248965), (0.475354215, 0.86903615, 0.137166102), (0.439755192, 0.894738729, 0.077833018), (0.469383342, 0.881891304, 0.0441248965), (0.439755192, 0.894738729, 0.077833018), (0.418179836, 0.907467547, 0.0403519006), (0.469383342, 0.881891304, 0.0441248965), (0.418179836, 0.907467547, 0.0403519006), (0.468236875, 0.88339092, -0.019357441), (0.469383342, 0.881891304, 0.0441248965), (0.468236875, 0.88339092, -0.019357441), (0.469383342, 0.881891304, 0.0441248965), (0.596406443, 0.779071991, -0.193251617), (0.623131668, 0.767551896, -0.150236516), (0.526338269, 0.848628995, 0.0528853133), (0.469383342, 0.881891304, 0.0441248965), (0.653555033, 0.750299119, -0.0995843869), (0.623131668, 0.767551896, -0.150236516), (0.71631063, 0.673059784, -0.184091304), (0.653555033, 0.750299119, -0.0995843869), (0.652281705, 0.732207069, -0.195962714), (0.653555033, 0.750299119, -0.0995843869), (0.623131668, 0.767551896, -0.150236516), (0.652281705, 0.732207069, -0.195962714), (0.623131668, 0.767551896, -0.150236516), (0.596406443, 0.779071991, -0.193251617), (0.652281705, 0.732207069, -0.195962714), (0.596406443, 0.779071991, -0.193251617), (0.63964862, 0.691592979, -0.335482928), (0.652281705, 0.732207069, -0.195962714), (0.63964862, 0.691592979, -0.335482928), (0.652281705, 0.732207069, -0.195962714), (0.653537912, 0.627610819, -0.423075475), (0.716911144, 0.598096078, -0.358217103), (0.71631063, 0.673059784, -0.184091304), (0.652281705, 0.732207069, -0.195962714), (0.776912768, 0.560147361, -0.287474321), (0.716911144, 0.598096078, -0.358217103), (0.776912768, 0.560147361, -0.287474321), (0.714874686, 0.498266067, -0.490596687), (0.814786977, 0.378305893, -0.43932543), (0.779227567, 0.360207917, -0.512888541), (0.776912768, 0.560147361, -0.287474321), (0.716911144, 0.598096078, -0.358217103), (0.714874686, 0.498266067, -0.490596687), (0.716911144, 0.598096078, -0.358217103), (0.653537912, 0.627610819, -0.423075475), (0.714874686, 0.498266067, -0.490596687), (0.653537912, 0.627610819, -0.423075475), (0.714874686, 0.498266067, -0.490596687), (0.640868489, 0.591230603, -0.48962634), (0.654838683, 0.478335346, -0.585133827), (0.714874686, 0.498266067, -0.490596687), (0.654838683, 0.478335346, -0.585133827), (0.692850759, 0.440596602, -0.570817361), (0.714874686, 0.498266067, -0.490596687), (0.692850759, 0.440596602, -0.570817361), (0.779227567, 0.360207917, -0.512888541), (-0.435219617, 0.626437923, 0.646652467), (-0.482258226, 0.581429272, 0.65526102), (-0.361004911, 0.504876167, 0.784076214), (-0.435219617, 0.626437923, 0.646652467), (-0.383314733, 0.675849941, 0.629520986), (-0.361004911, 0.504876167, 0.784076214), (-0.0793070743, 0.722479727, 0.686828532), (-0.267869095, 0.69759134, 0.664539292), (-0.0291168367, 0.692033083, 0.721278325), (-0.178479865, 0.594061607, 0.784369648), (-0.267869095, 0.69759134, 0.664539292), (-0.178479865, 0.594061607, 0.784369648), (-0.330256599, 0.478923271, 0.813365281), (-0.383314733, 0.675849941, 0.629520986), (-0.267869095, 0.69759134, 0.664539292), (-0.361004911, 0.504876167, 0.784076214), (-0.330256599, 0.478923271, 0.813365281), (-0.383314733, 0.675849941, 0.629520986), (-0.31606524, 0.736018889, 0.598647608), (-0.267869095, 0.69759134, 0.664539292), (-0.31606524, 0.736018889, 0.598647608), (-0.218120706, 0.811459433, 0.542177966), (-0.267869095, 0.69759134, 0.664539292), (-0.218120706, 0.811459433, 0.542177966), (-0.0793070743, 0.722479727, 0.686828532), (-0.267869095, 0.69759134, 0.664539292), (0.640868489, 0.591230603, -0.48962634), (0.586664937, 0.549270474, -0.595085034), (0.613518694, 0.516543513, -0.59730864), (0.640868489, 0.591230603, -0.48962634), (0.654838683, 0.478335346, -0.585133827), (0.613518694, 0.516543513, -0.59730864), (0.295807524, -0.345314543, 0.890649075), (0.467990086, -0.200691666, 0.860644023), (0.224959032, -0.270095208, 0.936184818), (0.417051817, -0.163564969, 0.894043781), (0.467990086, -0.200691666, 0.860644023), (0.417051817, -0.163564969, 0.894043781), (0.482109638, -0.126525387, 0.866926539), (0.467990086, -0.200691666, 0.860644023), (0.482109638, -0.126525387, 0.866926539), (0.507494987, -0.164418322, 0.845822353), (0.467990086, -0.200691666, 0.860644023), (0.507494987, -0.164418322, 0.845822353), (0.542177966, -0.218120706, 0.811459433), (0.420991897, -0.462413948, 0.780345541), (0.467990086, -0.200691666, 0.860644023), (0.443250282, -0.45078836, 0.774802583), (0.542177966, -0.218120706, 0.811459433), (0.420991897, -0.462413948, 0.780345541), (0.295807524, -0.345314543, 0.890649075), (0.467990086, -0.200691666, 0.860644023), (0.443250282, -0.45078836, 0.774802583), (0.542177966, -0.218120706, 0.811459433), (0.598647608, -0.31606524, 0.736018889), (0.443250282, -0.45078836, 0.774802583), (0.629520986, -0.383314733, 0.675849941), (0.598647608, -0.31606524, 0.736018889), (0.507494987, -0.164418322, 0.845822353), (0.691553549, -0.0166918937, 0.722132307), (0.482109638, -0.126525387, 0.866926539), (0.667633211, -5.28637589e-05, 0.744490358), (0.691553549, -0.0166918937, 0.722132307), (0.667633211, -5.28637589e-05, 0.744490358), (0.69232469, 0.0236691289, 0.72119782), (0.691553549, -0.0166918937, 0.722132307), (0.69232469, 0.0236691289, 0.72119782), (0.707198966, -0.00272726967, 0.707009324), (0.691553549, -0.0166918937, 0.722132307), (0.707198966, -0.00272726967, 0.707009324), (0.721278325, -0.0291168367, 0.692033083), (0.691553549, -0.0166918937, 0.722132307), (0.721278325, -0.0291168367, 0.692033083), (0.686828532, -0.0793070743, 0.722479727), (0.507494987, -0.164418322, 0.845822353), (0.691553549, -0.0166918937, 0.722132307), (0.542177966, -0.218120706, 0.811459433), (0.686828532, -0.0793070743, 0.722479727), (0.598647608, -0.31606524, 0.736018889), (0.542177966, -0.218120706, 0.811459433), (0.664539292, -0.267869095, 0.69759134), (0.542177966, -0.218120706, 0.811459433), (0.686828532, -0.0793070743, 0.722479727), (0.664539292, -0.267869095, 0.69759134), (0.686828532, -0.0793070743, 0.722479727), (0.664539292, -0.267869095, 0.69759134), (0.721278325, -0.0291168367, 0.692033083), (0.784369648, -0.178479865, 0.594061607), (0.664539292, -0.267869095, 0.69759134), (0.784369648, -0.178479865, 0.594061607), (0.813365281, -0.330256599, 0.478923271), (0.629520986, -0.383314733, 0.675849941), (0.664539292, -0.267869095, 0.69759134), (0.784076214, -0.361004911, 0.504876167), (0.813365281, -0.330256599, 0.478923271), (0.629520986, -0.383314733, 0.675849941), (0.598647608, -0.31606524, 0.736018889), (0.664539292, -0.267869095, 0.69759134), (0.707198966, -0.00272726967, 0.707009324), (0.834278578, 0.13871041, 0.533609105), (0.69232469, 0.0236691289, 0.72119782), (0.801272818, 0.158491329, 0.576924926), (0.834278578, 0.13871041, 0.533609105), (0.801272818, 0.158491329, 0.576924926), (0.813766179, 0.211513297, 0.541337908), (0.834278578, 0.13871041, 0.533609105), (0.813766179, 0.211513297, 0.541337908), (0.846941738, 0.15895398, 0.507369022), (0.834278578, 0.13871041, 0.533609105), (0.846941738, 0.15895398, 0.507369022), (0.867302758, 0.121978165, 0.482604656), (0.834278578, 0.13871041, 0.533609105), (0.867302758, 0.121978165, 0.482604656), (0.843049661, 0.0851495727, 0.531052557), (0.707198966, -0.00272726967, 0.707009324), (0.834278578, 0.13871041, 0.533609105), (0.721278325, -0.0291168367, 0.692033083), (0.843049661, 0.0851495727, 0.531052557), (0.784369648, -0.178479865, 0.594061607), (0.721278325, -0.0291168367, 0.692033083), (0.869847365, -0.10419907, 0.482190953), (0.721278325, -0.0291168367, 0.692033083), (0.843049661, 0.0851495727, 0.531052557), (0.869847365, -0.10419907, 0.482190953), (0.843049661, 0.0851495727, 0.531052557), (0.869847365, -0.10419907, 0.482190953), (0.867302758, 0.121978165, 0.482604656), (0.928337305, -0.0348502863, 0.370101749), (0.869847365, -0.10419907, 0.482190953), (0.928337305, -0.0348502863, 0.370101749), (0.948720256, -0.164775976, 0.269775376), (0.869847365, -0.10419907, 0.482190953), (0.948720256, -0.164775976, 0.269775376), (0.831203213, -0.313831576, 0.458923699), (0.784369648, -0.178479865, 0.594061607), (0.869847365, -0.10419907, 0.482190953), (0.813365281, -0.330256599, 0.478923271), (0.831203213, -0.313831576, 0.458923699), (0.777020463, 0.460370185, 0.429300004), (0.777231227, 0.450317841, 0.439460422), (0.773806093, 0.460855338, 0.434553204), (0.777020463, 0.460370185, 0.429300004), (0.773806093, 0.460855338, 0.434553204), (0.769354855, 0.469314795, 0.43340135), (0.777020463, 0.460370185, 0.429300004), (0.769354855, 0.469314795, 0.43340135), (0.776657571, 0.463810956, 0.426242203), (0.777020463, 0.460370185, 0.429300004), (0.776657571, 0.463810956, 0.426242203), (0.781669082, 0.459724159, 0.421482079), (0.777020463, 0.460370185, 0.429300004), (0.781669082, 0.459724159, 0.421482079), (0.780286811, 0.456407256, 0.427603682), (0.777020463, 0.460370185, 0.429300004), (0.780286811, 0.456407256, 0.427603682), (0.777231227, 0.450317841, 0.439460422), (0.846941738, 0.15895398, 0.507369022), (0.893302174, 0.289662132, 0.343667098), (0.813766179, 0.211513297, 0.541337908), (0.830947266, 0.317166944, 0.457090549), (0.780286811, 0.456407256, 0.427603682), (0.893302174, 0.289662132, 0.343667098), (0.777231227, 0.450317841, 0.439460422), (0.830947266, 0.317166944, 0.457090549), (0.780286811, 0.456407256, 0.427603682), (0.893302174, 0.289662132, 0.343667098), (0.781669082, 0.459724159, 0.421482079), (0.893143458, 0.339832202, 0.294633396), (0.893302174, 0.289662132, 0.343667098), (0.893143458, 0.339832202, 0.294633396), (0.937238749, 0.265953334, 0.22550466), (0.893302174, 0.289662132, 0.343667098), (0.937238749, 0.265953334, 0.22550466), (0.923708995, 0.212674409, 0.318639746), (0.846941738, 0.15895398, 0.507369022), (0.893302174, 0.289662132, 0.343667098), (0.867302758, 0.121978165, 0.482604656), (0.923708995, 0.212674409, 0.318639746), (0.928337305, -0.0348502863, 0.370101749), (0.867302758, 0.121978165, 0.482604656), (0.975286984, 0.0510389153, 0.214965877), (0.867302758, 0.121978165, 0.482604656), (0.923708995, 0.212674409, 0.318639746), (0.975286984, 0.0510389153, 0.214965877), (0.923708995, 0.212674409, 0.318639746), (0.975286984, 0.0510389153, 0.214965877), (0.937238749, 0.265953334, 0.22550466), (0.984829464, 0.1332927, 0.11110348), (0.975286984, 0.0510389153, 0.214965877), (0.984829464, 0.1332927, 0.11110348), (0.99999234, -0.00302201685, -0.00248735742), (0.975286984, 0.0510389153, 0.214965877), (0.99999234, -0.00302201685, -0.00248735742), (0.981451525, -0.100336136, 0.163357168), (0.928337305, -0.0348502863, 0.370101749), (0.975286984, 0.0510389153, 0.214965877), (0.948720256, -0.164775976, 0.269775376), (0.981451525, -0.100336136, 0.163357168), (0.620981364, 0.63828985, 0.454937592), (0.639439782, 0.615487066, 0.460752034), (0.61790116, 0.629524804, 0.471059102), (0.620981364, 0.63828985, 0.454937592), (0.61790116, 0.629524804, 0.471059102), (0.590548926, 0.642344473, 0.488513607), (0.620981364, 0.63828985, 0.454937592), (0.590548926, 0.642344473, 0.488513607), (0.60682956, 0.652958547, 0.4532141), (0.620981364, 0.63828985, 0.454937592), (0.60682956, 0.652958547, 0.4532141), (0.628409537, 0.655417591, 0.418962092), (0.620981364, 0.63828985, 0.454937592), (0.628409537, 0.655417591, 0.418962092), (0.635042195, 0.634449393, 0.440676046), (0.620981364, 0.63828985, 0.454937592), (0.635042195, 0.634449393, 0.440676046), (0.639439782, 0.615487066, 0.460752034), (0.776657571, 0.463810956, 0.426242203), (0.74158912, 0.579094511, 0.338666686), (0.769354855, 0.469314795, 0.43340135), (0.706289011, 0.565110066, 0.42638767), (0.635042195, 0.634449393, 0.440676046), (0.74158912, 0.579094511, 0.338666686), (0.639439782, 0.615487066, 0.460752034), (0.706289011, 0.565110066, 0.42638767), (0.635042195, 0.634449393, 0.440676046), (0.74158912, 0.579094511, 0.338666686), (0.628409537, 0.655417591, 0.418962092), (0.696541792, 0.645765634, 0.312755939), (0.74158912, 0.579094511, 0.338666686), (0.696541792, 0.645765634, 0.312755939), (0.780069924, 0.596781672, 0.187996143), (0.74158912, 0.579094511, 0.338666686), (0.780069924, 0.596781672, 0.187996143), (0.794279808, 0.534472177, 0.288892849), (0.776657571, 0.463810956, 0.426242203), (0.74158912, 0.579094511, 0.338666686), (0.781669082, 0.459724159, 0.421482079), (0.794279808, 0.534472177, 0.288892849), (0.893143458, 0.339832202, 0.294633396), (0.781669082, 0.459724159, 0.421482079), (0.876831245, 0.441504208, 0.190370697), (0.781669082, 0.459724159, 0.421482079), (0.794279808, 0.534472177, 0.288892849), (0.876831245, 0.441504208, 0.190370697), (0.794279808, 0.534472177, 0.288892849), (0.876831245, 0.441504208, 0.190370697), (0.780069924, 0.596781672, 0.187996143), (0.817678619, 0.560962862, 0.1293149), (0.876831245, 0.441504208, 0.190370697), (0.817678619, 0.560962862, 0.1293149), (0.907575782, 0.41740009, -0.0456438845), (0.876831245, 0.441504208, 0.190370697), (0.907575782, 0.41740009, -0.0456438845), (0.937547308, 0.331172224, 0.106442485), (0.893143458, 0.339832202, 0.294633396), (0.876831245, 0.441504208, 0.190370697), (0.937238749, 0.265953334, 0.22550466), (0.937547308, 0.331172224, 0.106442485), (0.984829464, 0.1332927, 0.11110348), (0.937238749, 0.265953334, 0.22550466), (0.976575645, 0.214326099, -0.019087518), (0.937238749, 0.265953334, 0.22550466), (0.937547308, 0.331172224, 0.106442485), (0.976575645, 0.214326099, -0.019087518), (0.937547308, 0.331172224, 0.106442485), (0.976575645, 0.214326099, -0.019087518), (0.907575782, 0.41740009, -0.0456438845), (0.928300183, 0.35741351, -0.102539522), (0.976575645, 0.214326099, -0.019087518), (0.928300183, 0.35741351, -0.102539522), (0.948364737, 0.158746122, -0.274597876), (0.976575645, 0.214326099, -0.019087518), (0.948364737, 0.158746122, -0.274597876), (0.98953152, 0.0686427021, -0.126947035), (0.984829464, 0.1332927, 0.11110348), (0.976575645, 0.214326099, -0.019087518), (0.99999234, -0.00302201685, -0.00248735742), (0.98953152, 0.0686427021, -0.126947035), (0.414913945, 0.677968352, 0.606799252), (0.478871567, 0.65654017, 0.582783861), (0.431991848, 0.647767065, 0.62751962), (0.414913945, 0.677968352, 0.606799252), (0.431991848, 0.647767065, 0.62751962), (0.380351413, 0.630690767, 0.676433262), (0.414913945, 0.677968352, 0.606799252), (0.380351413, 0.630690767, 0.676433262), (0.356885632, 0.694169753, 0.625108791), (0.414913945, 0.677968352, 0.606799252), (0.356885632, 0.694169753, 0.625108791), (0.356917946, 0.785336365, 0.505822472), (0.414913945, 0.677968352, 0.606799252), (0.356917946, 0.785336365, 0.505822472), (0.440150713, 0.695866926, 0.567482661), (0.414913945, 0.677968352, 0.606799252), (0.440150713, 0.695866926, 0.567482661), (0.478871567, 0.65654017, 0.582783861), (0.60682956, 0.652958547, 0.4532141), (0.51810256, 0.724308421, 0.454914332), (0.590548926, 0.642344473, 0.488513607), (0.530907429, 0.657396965, 0.534758387), (0.440150713, 0.695866926, 0.567482661), (0.51810256, 0.724308421, 0.454914332), (0.478871567, 0.65654017, 0.582783861), (0.530907429, 0.657396965, 0.534758387), (0.440150713, 0.695866926, 0.567482661), (0.51810256, 0.724308421, 0.454914332), (0.356917946, 0.785336365, 0.505822472), (0.359945506, 0.803008164, 0.474991708), (0.504021925, 0.798388592, 0.329450384), (0.51810256, 0.724308421, 0.454914332), (0.373283115, 0.816524511, 0.440394641), (0.359945506, 0.803008164, 0.474991708), (0.504021925, 0.798388592, 0.329450384), (0.51810256, 0.724308421, 0.454914332), (0.561106987, 0.7777788, 0.283229744), (0.598825318, 0.718462409, 0.353864389), (0.60682956, 0.652958547, 0.4532141), (0.51810256, 0.724308421, 0.454914332), (0.628409537, 0.655417591, 0.418962092), (0.598825318, 0.718462409, 0.353864389), (0.696541792, 0.645765634, 0.312755939), (0.628409537, 0.655417591, 0.418962092), (0.651567332, 0.700359407, 0.291473347), (0.628409537, 0.655417591, 0.418962092), (0.598825318, 0.718462409, 0.353864389), (0.651567332, 0.700359407, 0.291473347), (0.598825318, 0.718462409, 0.353864389), (0.561106987, 0.7777788, 0.283229744), (0.651567332, 0.700359407, 0.291473347), (0.561106987, 0.7777788, 0.283229744), (0.662245879, 0.72827201, 0.176210883), (0.651567332, 0.700359407, 0.291473347), (0.662245879, 0.72827201, 0.176210883), (0.651567332, 0.700359407, 0.291473347), (0.750745829, 0.653863117, 0.0940410722), (0.768294816, 0.623495906, 0.144830697), (0.696541792, 0.645765634, 0.312755939), (0.651567332, 0.700359407, 0.291473347), (0.780069924, 0.596781672, 0.187996143), (0.768294816, 0.623495906, 0.144830697), (0.817678619, 0.560962862, 0.1293149), (0.780069924, 0.596781672, 0.187996143), (0.795714501, 0.596672255, 0.10402237), (0.780069924, 0.596781672, 0.187996143), (0.768294816, 0.623495906, 0.144830697), (0.795714501, 0.596672255, 0.10402237), (0.768294816, 0.623495906, 0.144830697), (0.750745829, 0.653863117, 0.0940410722), (0.795714501, 0.596672255, 0.10402237), (0.750745829, 0.653863117, 0.0940410722), (0.805567555, 0.592035013, -0.0235681589), (0.795714501, 0.596672255, 0.10402237), (0.805567555, 0.592035013, -0.0235681589), (0.795714501, 0.596672255, 0.10402237), (0.867225272, 0.476300127, -0.145115528), (0.894216646, 0.43963995, -0.0842217576), (0.817678619, 0.560962862, 0.1293149), (0.795714501, 0.596672255, 0.10402237), (0.907575782, 0.41740009, -0.0456438845), (0.894216646, 0.43963995, -0.0842217576), (0.928300183, 0.35741351, -0.102539522), (0.907575782, 0.41740009, -0.0456438845), (0.906670141, 0.396206412, -0.144809305), (0.907575782, 0.41740009, -0.0456438845), (0.894216646, 0.43963995, -0.0842217576), (0.906670141, 0.396206412, -0.144809305), (0.894216646, 0.43963995, -0.0842217576), (0.867225272, 0.476300127, -0.145115528), (0.906670141, 0.396206412, -0.144809305), (0.867225272, 0.476300127, -0.145115528), (0.906670141, 0.396206412, -0.144809305), (0.814786977, 0.378305893, -0.43932543), (0.812988673, 0.32458924, -0.483416222), (0.906670141, 0.396206412, -0.144809305), (0.812988673, 0.32458924, -0.483416222), (0.910532134, 0.212388054, -0.354714742), (0.928300183, 0.35741351, -0.102539522), (0.906670141, 0.396206412, -0.144809305), (0.948364737, 0.158746122, -0.274597876), (0.910532134, 0.212388054, -0.354714742), (0.13871041, 0.533609105, 0.834278578), (0.211513297, 0.541337908, 0.813766179), (0.15895398, 0.507369022, 0.846941738), (0.13871041, 0.533609105, 0.834278578), (0.15895398, 0.507369022, 0.846941738), (0.121978165, 0.482604656, 0.867302758), (0.13871041, 0.533609105, 0.834278578), (0.121978165, 0.482604656, 0.867302758), (0.0851495727, 0.531052557, 0.843049661), (-0.00272726967, 0.707009324, 0.707198966), (0.13871041, 0.533609105, 0.834278578), (-0.0291168367, 0.692033083, 0.721278325), (0.0851495727, 0.531052557, 0.843049661), (-0.00272726967, 0.707009324, 0.707198966), (0.13871041, 0.533609105, 0.834278578), (0.0236691289, 0.72119782, 0.69232469), (0.158491329, 0.576924926, 0.801272818), (0.13871041, 0.533609105, 0.834278578), (0.158491329, 0.576924926, 0.801272818), (0.211513297, 0.541337908, 0.813766179), (0.356885632, 0.694169753, 0.625108791), (0.229581454, 0.710956823, 0.664705011), (0.380351413, 0.630690767, 0.676433262), (0.311671494, 0.599165033, 0.737470097), (0.158491329, 0.576924926, 0.801272818), (0.229581454, 0.710956823, 0.664705011), (0.211513297, 0.541337908, 0.813766179), (0.311671494, 0.599165033, 0.737470097), (0.158491329, 0.576924926, 0.801272818), (0.0236691289, 0.72119782, 0.69232469), (0.229581454, 0.710956823, 0.664705011), (0.0236691289, 0.72119782, 0.69232469), (0.173302837, 0.785041088, 0.594707169), (0.229581454, 0.710956823, 0.664705011), (0.173302837, 0.785041088, 0.594707169), (0.229581454, 0.710956823, 0.664705011), (0.32570216, 0.814894351, 0.479442698), (0.336586563, 0.803327266, 0.491299083), (0.356885632, 0.694169753, 0.625108791), (0.229581454, 0.710956823, 0.664705011), (0.356917946, 0.785336365, 0.505822472), (0.336586563, 0.803327266, 0.491299083), (0.359945506, 0.803008164, 0.474991708), (0.356917946, 0.785336365, 0.505822472), (0.345739178, 0.807890822, 0.47725972), (0.356917946, 0.785336365, 0.505822472), (0.336586563, 0.803327266, 0.491299083), (0.345739178, 0.807890822, 0.47725972), (0.336586563, 0.803327266, 0.491299083), (0.32570216, 0.814894351, 0.479442698), (0.345739178, 0.807890822, 0.47725972), (0.32570216, 0.814894351, 0.479442698), (0.341485243, 0.815954629, 0.466482446), (0.345739178, 0.807890822, 0.47725972), (0.341485243, 0.815954629, 0.466482446), (0.373283115, 0.816524511, 0.440394641), (0.345739178, 0.807890822, 0.47725972), (0.373283115, 0.816524511, 0.440394641), (0.359945506, 0.803008164, 0.474991708), (0.345739178, 0.807890822, 0.47725972), (0.814786977, 0.378305893, -0.43932543), (0.779227567, 0.360207917, -0.512888541), (0.799729836, 0.337053765, -0.496816817), (0.814786977, 0.378305893, -0.43932543), (0.812988673, 0.32458924, -0.483416222), (0.799729836, 0.337053765, -0.496816817), (0.0851495727, 0.531052557, 0.843049661), (-0.10419907, 0.482190953, 0.869847365), (0.121978165, 0.482604656, 0.867302758), (-0.0348502863, 0.370101749, 0.928337305), (-0.10419907, 0.482190953, 0.869847365), (-0.0348502863, 0.370101749, 0.928337305), (-0.164775976, 0.269775376, 0.948720256), (-0.10419907, 0.482190953, 0.869847365), (-0.164775976, 0.269775376, 0.948720256), (-0.313831576, 0.458923699, 0.831203213), (-0.178479865, 0.594061607, 0.784369648), (-0.10419907, 0.482190953, 0.869847365), (-0.330256599, 0.478923271, 0.813365281), (-0.313831576, 0.458923699, 0.831203213), (-0.178479865, 0.594061607, 0.784369648), (-0.0291168367, 0.692033083, 0.721278325), (-0.10419907, 0.482190953, 0.869847365), (-0.0291168367, 0.692033083, 0.721278325), (0.0851495727, 0.531052557, 0.843049661), (-0.10419907, 0.482190953, 0.869847365), (0.112843573, -0.140546211, 0.983622433), (0.247168414, -0.0685379192, 0.966545565), (-0.0030220448, -0.00171622079, 0.999993961), (0.118587049, 0.0682154292, 0.990597682), (0.247168414, -0.0685379192, 0.966545565), (0.118587049, 0.0682154292, 0.990597682), (0.269508847, 0.160015228, 0.949610503), (0.247168414, -0.0685379192, 0.966545565), (0.269508847, 0.160015228, 0.949610503), (0.370739535, 0.0287891098, 0.928290571), (0.417051817, -0.163564969, 0.894043781), (0.247168414, -0.0685379192, 0.966545565), (0.482109638, -0.126525387, 0.866926539), (0.370739535, 0.0287891098, 0.928290571), (0.417051817, -0.163564969, 0.894043781), (0.224959032, -0.270095208, 0.936184818), (0.247168414, -0.0685379192, 0.966545565), (0.224959032, -0.270095208, 0.936184818), (0.112843573, -0.140546211, 0.983622433), (0.247168414, -0.0685379192, 0.966545565), (0.370739535, 0.0287891098, 0.928290571), (0.492294186, 0.0981753919, 0.864874573), (0.269508847, 0.160015228, 0.949610503), (0.347554913, 0.211966214, 0.913387052), (0.492294186, 0.0981753919, 0.864874573), (0.347554913, 0.211966214, 0.913387052), (0.479442698, 0.32570216, 0.814894351), (0.492294186, 0.0981753919, 0.864874573), (0.479442698, 0.32570216, 0.814894351), (0.594707169, 0.173302837, 0.785041088), (0.667633211, -5.28637589e-05, 0.744490358), (0.492294186, 0.0981753919, 0.864874573), (0.69232469, 0.0236691289, 0.72119782), (0.594707169, 0.173302837, 0.785041088), (0.667633211, -5.28637589e-05, 0.744490358), (0.482109638, -0.126525387, 0.866926539), (0.492294186, 0.0981753919, 0.864874573), (0.482109638, -0.126525387, 0.866926539), (0.370739535, 0.0287891098, 0.928290571), (0.492294186, 0.0981753919, 0.864874573), (0.606799252, 0.414913945, 0.677968352), (0.505822472, 0.356917946, 0.785336365), (0.567482661, 0.440150713, 0.695866926), (0.606799252, 0.414913945, 0.677968352), (0.567482661, 0.440150713, 0.695866926), (0.582783861, 0.478871567, 0.65654017), (0.606799252, 0.414913945, 0.677968352), (0.582783861, 0.478871567, 0.65654017), (0.62751962, 0.431991848, 0.647767065), (0.606799252, 0.414913945, 0.677968352), (0.62751962, 0.431991848, 0.647767065), (0.676433262, 0.380351413, 0.630690767), (0.606799252, 0.414913945, 0.677968352), (0.676433262, 0.380351413, 0.630690767), (0.625108791, 0.356885632, 0.694169753), (0.606799252, 0.414913945, 0.677968352), (0.625108791, 0.356885632, 0.694169753), (0.505822472, 0.356917946, 0.785336365), (0.594707169, 0.173302837, 0.785041088), (0.664705011, 0.229581454, 0.710956823), (0.479442698, 0.32570216, 0.814894351), (0.491299083, 0.336586563, 0.803327266), (0.625108791, 0.356885632, 0.694169753), (0.664705011, 0.229581454, 0.710956823), (0.505822472, 0.356917946, 0.785336365), (0.491299083, 0.336586563, 0.803327266), (0.625108791, 0.356885632, 0.694169753), (0.664705011, 0.229581454, 0.710956823), (0.676433262, 0.380351413, 0.630690767), (0.737470097, 0.311671494, 0.599165033), (0.801272818, 0.158491329, 0.576924926), (0.664705011, 0.229581454, 0.710956823), (0.813766179, 0.211513297, 0.541337908), (0.737470097, 0.311671494, 0.599165033), (0.801272818, 0.158491329, 0.576924926), (0.69232469, 0.0236691289, 0.72119782), (0.664705011, 0.229581454, 0.710956823), (0.69232469, 0.0236691289, 0.72119782), (0.594707169, 0.173302837, 0.785041088), (0.664705011, 0.229581454, 0.710956823), (0.603806374, 0.558227616, 0.569034087), (0.593890271, 0.548443919, 0.588645576), (0.593151543, 0.56206935, 0.576410698), (0.603806374, 0.558227616, 0.569034087), (0.593151543, 0.56206935, 0.576410698), (0.5901581, 0.570838601, 0.570838601), (0.603806374, 0.558227616, 0.569034087), (0.5901581, 0.570838601, 0.570838601), (0.605933649, 0.563175827, 0.56185176), (0.603806374, 0.558227616, 0.569034087), (0.605933649, 0.563175827, 0.56185176), (0.624723571, 0.554384126, 0.549889717), (0.603806374, 0.558227616, 0.569034087), (0.624723571, 0.554384126, 0.549889717), (0.61269692, 0.549041036, 0.568468491), (0.603806374, 0.558227616, 0.569034087), (0.61269692, 0.549041036, 0.568468491), (0.593890271, 0.548443919, 0.588645576), (0.62751962, 0.431991848, 0.647767065), (0.668775055, 0.484663446, 0.56377413), (0.582783861, 0.478871567, 0.65654017), (0.595349017, 0.51616487, 0.615738074), (0.61269692, 0.549041036, 0.568468491), (0.668775055, 0.484663446, 0.56377413), (0.593890271, 0.548443919, 0.588645576), (0.595349017, 0.51616487, 0.615738074), (0.61269692, 0.549041036, 0.568468491), (0.668775055, 0.484663446, 0.56377413), (0.624723571, 0.554384126, 0.549889717), (0.676305077, 0.528684867, 0.512936404), (0.773806093, 0.460855338, 0.434553204), (0.668775055, 0.484663446, 0.56377413), (0.769354855, 0.469314795, 0.43340135), (0.676305077, 0.528684867, 0.512936404), (0.773806093, 0.460855338, 0.434553204), (0.668775055, 0.484663446, 0.56377413), (0.777231227, 0.450317841, 0.439460422), (0.725050227, 0.397077315, 0.56270043), (0.62751962, 0.431991848, 0.647767065), (0.668775055, 0.484663446, 0.56377413), (0.676433262, 0.380351413, 0.630690767), (0.725050227, 0.397077315, 0.56270043), (0.737470097, 0.311671494, 0.599165033), (0.676433262, 0.380351413, 0.630690767), (0.758005067, 0.345857805, 0.553001535), (0.676433262, 0.380351413, 0.630690767), (0.725050227, 0.397077315, 0.56270043), (0.758005067, 0.345857805, 0.553001535), (0.725050227, 0.397077315, 0.56270043), (0.777231227, 0.450317841, 0.439460422), (0.758005067, 0.345857805, 0.553001535), (0.777231227, 0.450317841, 0.439460422), (0.830947266, 0.317166944, 0.457090549), (0.758005067, 0.345857805, 0.553001535), (0.830947266, 0.317166944, 0.457090549), (0.813766179, 0.211513297, 0.541337908), (0.758005067, 0.345857805, 0.553001535), (0.813766179, 0.211513297, 0.541337908), (0.737470097, 0.311671494, 0.599165033), (0.758005067, 0.345857805, 0.553001535), (0.558227616, 0.569034087, 0.603806374), (0.570838601, 0.570838601, 0.5901581), (0.563175827, 0.56185176, 0.605933649), (0.558227616, 0.569034087, 0.603806374), (0.563175827, 0.56185176, 0.605933649), (0.554384126, 0.549889717, 0.624723571), (0.558227616, 0.569034087, 0.603806374), (0.554384126, 0.549889717, 0.624723571), (0.549041036, 0.568468491, 0.61269692), (0.558227616, 0.569034087, 0.603806374), (0.549041036, 0.568468491, 0.61269692), (0.548443919, 0.588645576, 0.593890271), (0.558227616, 0.569034087, 0.603806374), (0.548443919, 0.588645576, 0.593890271), (0.56206935, 0.576410698, 0.593151543), (0.558227616, 0.569034087, 0.603806374), (0.56206935, 0.576410698, 0.593151543), (0.570838601, 0.570838601, 0.5901581), (0.605933649, 0.563175827, 0.56185176), (0.595995575, 0.590172349, 0.544505163), (0.5901581, 0.570838601, 0.570838601), (0.582525102, 0.57735013, 0.572128773), (0.56206935, 0.576410698, 0.593151543), (0.595995575, 0.590172349, 0.544505163), (0.570838601, 0.570838601, 0.5901581), (0.582525102, 0.57735013, 0.572128773), (0.56206935, 0.576410698, 0.593151543), (0.595995575, 0.590172349, 0.544505163), (0.548443919, 0.588645576, 0.593890271), (0.559671607, 0.618403559, 0.551674478), (0.61790116, 0.629524804, 0.471059102), (0.595995575, 0.590172349, 0.544505163), (0.590548926, 0.642344473, 0.488513607), (0.559671607, 0.618403559, 0.551674478), (0.61790116, 0.629524804, 0.471059102), (0.595995575, 0.590172349, 0.544505163), (0.639439782, 0.615487066, 0.460752034), (0.639335227, 0.575921524, 0.509475088), (0.605933649, 0.563175827, 0.56185176), (0.595995575, 0.590172349, 0.544505163), (0.624723571, 0.554384126, 0.549889717), (0.639335227, 0.575921524, 0.509475088), (0.676305077, 0.528684867, 0.512936404), (0.624723571, 0.554384126, 0.549889717), (0.672846396, 0.556859609, 0.487016533), (0.624723571, 0.554384126, 0.549889717), (0.639335227, 0.575921524, 0.509475088), (0.672846396, 0.556859609, 0.487016533), (0.639335227, 0.575921524, 0.509475088), (0.639439782, 0.615487066, 0.460752034), (0.672846396, 0.556859609, 0.487016533), (0.639439782, 0.615487066, 0.460752034), (0.706289011, 0.565110066, 0.42638767), (0.672846396, 0.556859609, 0.487016533), (0.706289011, 0.565110066, 0.42638767), (0.769354855, 0.469314795, 0.43340135), (0.672846396, 0.556859609, 0.487016533), (0.769354855, 0.469314795, 0.43340135), (0.676305077, 0.528684867, 0.512936404), (0.672846396, 0.556859609, 0.487016533), (0.460370185, 0.429300004, 0.777020463), (0.469314795, 0.43340135, 0.769354855), (0.463810956, 0.426242203, 0.776657571), (0.460370185, 0.429300004, 0.777020463), (0.463810956, 0.426242203, 0.776657571), (0.459724159, 0.421482079, 0.781669082), (0.460370185, 0.429300004, 0.777020463), (0.459724159, 0.421482079, 0.781669082), (0.456407256, 0.427603682, 0.780286811), (0.460370185, 0.429300004, 0.777020463), (0.456407256, 0.427603682, 0.780286811), (0.450317841, 0.439460422, 0.777231227), (0.460370185, 0.429300004, 0.777020463), (0.450317841, 0.439460422, 0.777231227), (0.460855338, 0.434553204, 0.773806093), (0.460370185, 0.429300004, 0.777020463), (0.460855338, 0.434553204, 0.773806093), (0.469314795, 0.43340135, 0.769354855), (0.549041036, 0.568468491, 0.61269692), (0.484663446, 0.56377413, 0.668775055), (0.554384126, 0.549889717, 0.624723571), (0.528684867, 0.512936404, 0.676305077), (0.460855338, 0.434553204, 0.773806093), (0.484663446, 0.56377413, 0.668775055), (0.469314795, 0.43340135, 0.769354855), (0.528684867, 0.512936404, 0.676305077), (0.460855338, 0.434553204, 0.773806093), (0.484663446, 0.56377413, 0.668775055), (0.450317841, 0.439460422, 0.777231227), (0.397077315, 0.56270043, 0.725050227), (0.431991848, 0.647767065, 0.62751962), (0.484663446, 0.56377413, 0.668775055), (0.380351413, 0.630690767, 0.676433262), (0.397077315, 0.56270043, 0.725050227), (0.431991848, 0.647767065, 0.62751962), (0.484663446, 0.56377413, 0.668775055), (0.478871567, 0.65654017, 0.582783861), (0.51616487, 0.615738074, 0.595349017), (0.549041036, 0.568468491, 0.61269692), (0.484663446, 0.56377413, 0.668775055), (0.548443919, 0.588645576, 0.593890271), (0.51616487, 0.615738074, 0.595349017), (0.559671607, 0.618403559, 0.551674478), (0.548443919, 0.588645576, 0.593890271), (0.536868756, 0.630568179, 0.560495951), (0.548443919, 0.588645576, 0.593890271), (0.51616487, 0.615738074, 0.595349017), (0.536868756, 0.630568179, 0.560495951), (0.51616487, 0.615738074, 0.595349017), (0.478871567, 0.65654017, 0.582783861), (0.536868756, 0.630568179, 0.560495951), (0.478871567, 0.65654017, 0.582783861), (0.530907429, 0.657396965, 0.534758387), (0.536868756, 0.630568179, 0.560495951), (0.530907429, 0.657396965, 0.534758387), (0.590548926, 0.642344473, 0.488513607), (0.536868756, 0.630568179, 0.560495951), (0.590548926, 0.642344473, 0.488513607), (0.559671607, 0.618403559, 0.551674478), (0.536868756, 0.630568179, 0.560495951), (0.456407256, 0.427603682, 0.780286811), (0.289662132, 0.343667098, 0.893302174), (0.459724159, 0.421482079, 0.781669082), (0.339832202, 0.294633396, 0.893143458), (0.289662132, 0.343667098, 0.893302174), (0.339832202, 0.294633396, 0.893143458), (0.265953334, 0.22550466, 0.937238749), (0.289662132, 0.343667098, 0.893302174), (0.265953334, 0.22550466, 0.937238749), (0.212674409, 0.318639746, 0.923708995), (0.15895398, 0.507369022, 0.846941738), (0.289662132, 0.343667098, 0.893302174), (0.121978165, 0.482604656, 0.867302758), (0.212674409, 0.318639746, 0.923708995), (0.15895398, 0.507369022, 0.846941738), (0.289662132, 0.343667098, 0.893302174), (0.211513297, 0.541337908, 0.813766179), (0.317166944, 0.457090549, 0.830947266), (0.456407256, 0.427603682, 0.780286811), (0.289662132, 0.343667098, 0.893302174), (0.450317841, 0.439460422, 0.777231227), (0.317166944, 0.457090549, 0.830947266), (0.397077315, 0.56270043, 0.725050227), (0.450317841, 0.439460422, 0.777231227), (0.345857805, 0.553001535, 0.758005067), (0.450317841, 0.439460422, 0.777231227), (0.317166944, 0.457090549, 0.830947266), (0.345857805, 0.553001535, 0.758005067), (0.317166944, 0.457090549, 0.830947266), (0.211513297, 0.541337908, 0.813766179), (0.345857805, 0.553001535, 0.758005067), (0.211513297, 0.541337908, 0.813766179), (0.311671494, 0.599165033, 0.737470097), (0.345857805, 0.553001535, 0.758005067), (0.311671494, 0.599165033, 0.737470097), (0.380351413, 0.630690767, 0.676433262), (0.345857805, 0.553001535, 0.758005067), (0.380351413, 0.630690767, 0.676433262), (0.397077315, 0.56270043, 0.725050227), (0.345857805, 0.553001535, 0.758005067), (0.212674409, 0.318639746, 0.923708995), (0.0510389153, 0.214965877, 0.975286984), (0.265953334, 0.22550466, 0.937238749), (0.1332927, 0.11110348, 0.984829464), (0.0510389153, 0.214965877, 0.975286984), (0.1332927, 0.11110348, 0.984829464), (-0.00302201685, -0.00248735742, 0.99999234), (0.0510389153, 0.214965877, 0.975286984), (-0.00302201685, -0.00248735742, 0.99999234), (-0.100336136, 0.163357168, 0.981451525), (-0.0348502863, 0.370101749, 0.928337305), (0.0510389153, 0.214965877, 0.975286984), (-0.164775976, 0.269775376, 0.948720256), (-0.100336136, 0.163357168, 0.981451525), (-0.0348502863, 0.370101749, 0.928337305), (0.121978165, 0.482604656, 0.867302758), (0.0510389153, 0.214965877, 0.975286984), (0.121978165, 0.482604656, 0.867302758), (0.212674409, 0.318639746, 0.923708995), (0.0510389153, 0.214965877, 0.975286984), (-0.126201678, 0.145363908, 0.981296322), (0.01656773, 0.16738084, 0.985753095), (-0.23071878, 0.266960133, 0.935682174), (-0.112943196, 0.331386797, 0.936710534), (0.01656773, 0.16738084, 0.985753095), (-0.112943196, 0.331386797, 0.936710534), (0.0403519006, 0.418179836, 0.907467547), (0.01656773, 0.16738084, 0.985753095), (0.0403519006, 0.418179836, 0.907467547), (0.194783278, 0.24836524, 0.948880489), (0.118587049, 0.0682154292, 0.990597682), (0.01656773, 0.16738084, 0.985753095), (0.269508847, 0.160015228, 0.949610503), (0.194783278, 0.24836524, 0.948880489), (0.118587049, 0.0682154292, 0.990597682), (-0.0030220448, -0.00171622079, 0.999993961), (0.01656773, 0.16738084, 0.985753095), (-0.0030220448, -0.00171622079, 0.999993961), (-0.126201678, 0.145363908, 0.981296322), (0.01656773, 0.16738084, 0.985753095), (0.279959545, 0.493462513, 0.823478841), (0.137166102, 0.475354215, 0.86903615), (0.23339373, 0.531857122, 0.814036466), (0.279959545, 0.493462513, 0.823478841), (0.23339373, 0.531857122, 0.814036466), (0.283229744, 0.561106987, 0.7777788), (0.279959545, 0.493462513, 0.823478841), (0.283229744, 0.561106987, 0.7777788), (0.329450384, 0.504021925, 0.798388592), (0.279959545, 0.493462513, 0.823478841), (0.329450384, 0.504021925, 0.798388592), (0.440394641, 0.373283115, 0.816524511), (0.279959545, 0.493462513, 0.823478841), (0.440394641, 0.373283115, 0.816524511), (0.277952879, 0.389593402, 0.878042811), (0.279959545, 0.493462513, 0.823478841), (0.277952879, 0.389593402, 0.878042811), (0.137166102, 0.475354215, 0.86903615), (0.194783278, 0.24836524, 0.948880489), (0.274209225, 0.267156376, 0.923816417), (0.0403519006, 0.418179836, 0.907467547), (0.077833018, 0.439755192, 0.894738729), (0.277952879, 0.389593402, 0.878042811), (0.274209225, 0.267156376, 0.923816417), (0.137166102, 0.475354215, 0.86903615), (0.077833018, 0.439755192, 0.894738729), (0.277952879, 0.389593402, 0.878042811), (0.274209225, 0.267156376, 0.923816417), (0.440394641, 0.373283115, 0.816524511), (0.466482446, 0.341485243, 0.815954629), (0.347554913, 0.211966214, 0.913387052), (0.274209225, 0.267156376, 0.923816417), (0.479442698, 0.32570216, 0.814894351), (0.466482446, 0.341485243, 0.815954629), (0.347554913, 0.211966214, 0.913387052), (0.269508847, 0.160015228, 0.949610503), (0.274209225, 0.267156376, 0.923816417), (0.269508847, 0.160015228, 0.949610503), (0.194783278, 0.24836524, 0.948880489), (0.274209225, 0.267156376, 0.923816417), (0.454937592, 0.620981364, 0.63828985), (0.418962092, 0.628409537, 0.655417591), (0.440676046, 0.635042195, 0.634449393), (0.454937592, 0.620981364, 0.63828985), (0.440676046, 0.635042195, 0.634449393), (0.460752034, 0.639439782, 0.615487066), (0.454937592, 0.620981364, 0.63828985), (0.460752034, 0.639439782, 0.615487066), (0.471059102, 0.61790116, 0.629524804), (0.454937592, 0.620981364, 0.63828985), (0.471059102, 0.61790116, 0.629524804), (0.488513607, 0.590548926, 0.642344473), (0.454937592, 0.620981364, 0.63828985), (0.488513607, 0.590548926, 0.642344473), (0.4532141, 0.60682956, 0.652958547), (0.454937592, 0.620981364, 0.63828985), (0.4532141, 0.60682956, 0.652958547), (0.418962092, 0.628409537, 0.655417591), (0.329450384, 0.504021925, 0.798388592), (0.454914332, 0.51810256, 0.724308421), (0.283229744, 0.561106987, 0.7777788), (0.353864389, 0.598825318, 0.718462409), (0.4532141, 0.60682956, 0.652958547), (0.454914332, 0.51810256, 0.724308421), (0.418962092, 0.628409537, 0.655417591), (0.353864389, 0.598825318, 0.718462409), (0.4532141, 0.60682956, 0.652958547), (0.454914332, 0.51810256, 0.724308421), (0.488513607, 0.590548926, 0.642344473), (0.534758387, 0.530907429, 0.657396965), (0.567482661, 0.440150713, 0.695866926), (0.454914332, 0.51810256, 0.724308421), (0.582783861, 0.478871567, 0.65654017), (0.534758387, 0.530907429, 0.657396965), (0.567482661, 0.440150713, 0.695866926), (0.454914332, 0.51810256, 0.724308421), (0.505822472, 0.356917946, 0.785336365), (0.474991708, 0.359945506, 0.803008164), (0.329450384, 0.504021925, 0.798388592), (0.454914332, 0.51810256, 0.724308421), (0.440394641, 0.373283115, 0.816524511), (0.474991708, 0.359945506, 0.803008164), (0.466482446, 0.341485243, 0.815954629), (0.440394641, 0.373283115, 0.816524511), (0.47725972, 0.345739178, 0.807890822), (0.440394641, 0.373283115, 0.816524511), (0.474991708, 0.359945506, 0.803008164), (0.47725972, 0.345739178, 0.807890822), (0.474991708, 0.359945506, 0.803008164), (0.505822472, 0.356917946, 0.785336365), (0.47725972, 0.345739178, 0.807890822), (0.505822472, 0.356917946, 0.785336365), (0.491299083, 0.336586563, 0.803327266), (0.47725972, 0.345739178, 0.807890822), (0.491299083, 0.336586563, 0.803327266), (0.479442698, 0.32570216, 0.814894351), (0.47725972, 0.345739178, 0.807890822), (0.479442698, 0.32570216, 0.814894351), (0.466482446, 0.341485243, 0.815954629), (0.47725972, 0.345739178, 0.807890822), (0.569034087, 0.603806374, 0.558227616), (0.549889717, 0.624723571, 0.554384126), (0.568468491, 0.61269692, 0.549041036), (0.569034087, 0.603806374, 0.558227616), (0.568468491, 0.61269692, 0.549041036), (0.588645576, 0.593890271, 0.548443919), (0.569034087, 0.603806374, 0.558227616), (0.588645576, 0.593890271, 0.548443919), (0.576410698, 0.593151543, 0.56206935), (0.569034087, 0.603806374, 0.558227616), (0.576410698, 0.593151543, 0.56206935), (0.570838601, 0.5901581, 0.570838601), (0.569034087, 0.603806374, 0.558227616), (0.570838601, 0.5901581, 0.570838601), (0.56185176, 0.605933649, 0.563175827), (0.569034087, 0.603806374, 0.558227616), (0.56185176, 0.605933649, 0.563175827), (0.549889717, 0.624723571, 0.554384126), (0.471059102, 0.61790116, 0.629524804), (0.544505163, 0.595995575, 0.590172349), (0.460752034, 0.639439782, 0.615487066), (0.509475088, 0.639335227, 0.575921524), (0.56185176, 0.605933649, 0.563175827), (0.544505163, 0.595995575, 0.590172349), (0.549889717, 0.624723571, 0.554384126), (0.509475088, 0.639335227, 0.575921524), (0.56185176, 0.605933649, 0.563175827), (0.544505163, 0.595995575, 0.590172349), (0.570838601, 0.5901581, 0.570838601), (0.572128773, 0.582525102, 0.57735013), (0.593151543, 0.56206935, 0.576410698), (0.544505163, 0.595995575, 0.590172349), (0.5901581, 0.570838601, 0.570838601), (0.572128773, 0.582525102, 0.57735013), (0.593151543, 0.56206935, 0.576410698), (0.544505163, 0.595995575, 0.590172349), (0.593890271, 0.548443919, 0.588645576), (0.551674478, 0.559671607, 0.618403559), (0.471059102, 0.61790116, 0.629524804), (0.544505163, 0.595995575, 0.590172349), (0.488513607, 0.590548926, 0.642344473), (0.551674478, 0.559671607, 0.618403559), (0.534758387, 0.530907429, 0.657396965), (0.488513607, 0.590548926, 0.642344473), (0.560495951, 0.536868756, 0.630568179), (0.488513607, 0.590548926, 0.642344473), (0.551674478, 0.559671607, 0.618403559), (0.560495951, 0.536868756, 0.630568179), (0.551674478, 0.559671607, 0.618403559), (0.593890271, 0.548443919, 0.588645576), (0.560495951, 0.536868756, 0.630568179), (0.593890271, 0.548443919, 0.588645576), (0.595349017, 0.51616487, 0.615738074), (0.560495951, 0.536868756, 0.630568179), (0.595349017, 0.51616487, 0.615738074), (0.582783861, 0.478871567, 0.65654017), (0.560495951, 0.536868756, 0.630568179), (0.582783861, 0.478871567, 0.65654017), (0.534758387, 0.530907429, 0.657396965), (0.560495951, 0.536868756, 0.630568179), (0.63828985, 0.454937592, 0.620981364), (0.642344473, 0.488513607, 0.590548926), (0.652958547, 0.4532141, 0.60682956), (0.63828985, 0.454937592, 0.620981364), (0.652958547, 0.4532141, 0.60682956), (0.655417591, 0.418962092, 0.628409537), (0.63828985, 0.454937592, 0.620981364), (0.655417591, 0.418962092, 0.628409537), (0.634449393, 0.440676046, 0.635042195), (0.63828985, 0.454937592, 0.620981364), (0.634449393, 0.440676046, 0.635042195), (0.615487066, 0.460752034, 0.639439782), (0.63828985, 0.454937592, 0.620981364), (0.615487066, 0.460752034, 0.639439782), (0.629524804, 0.471059102, 0.61790116), (0.63828985, 0.454937592, 0.620981364), (0.629524804, 0.471059102, 0.61790116), (0.642344473, 0.488513607, 0.590548926), (0.576410698, 0.593151543, 0.56206935), (0.590172349, 0.544505163, 0.595995575), (0.588645576, 0.593890271, 0.548443919), (0.618403559, 0.551674478, 0.559671607), (0.629524804, 0.471059102, 0.61790116), (0.590172349, 0.544505163, 0.595995575), (0.642344473, 0.488513607, 0.590548926), (0.618403559, 0.551674478, 0.559671607), (0.629524804, 0.471059102, 0.61790116), (0.590172349, 0.544505163, 0.595995575), (0.615487066, 0.460752034, 0.639439782), (0.575921524, 0.509475088, 0.639335227), (0.563175827, 0.56185176, 0.605933649), (0.590172349, 0.544505163, 0.595995575), (0.554384126, 0.549889717, 0.624723571), (0.575921524, 0.509475088, 0.639335227), (0.563175827, 0.56185176, 0.605933649), (0.590172349, 0.544505163, 0.595995575), (0.570838601, 0.570838601, 0.5901581), (0.57735013, 0.572128773, 0.582525102), (0.576410698, 0.593151543, 0.56206935), (0.590172349, 0.544505163, 0.595995575), (0.570838601, 0.5901581, 0.570838601), (0.57735013, 0.572128773, 0.582525102), (0.572128773, 0.582525102, 0.57735013), (0.570838601, 0.5901581, 0.570838601), (0.577350269, 0.577350269, 0.577350269), (0.570838601, 0.5901581, 0.570838601), (0.57735013, 0.572128773, 0.582525102), (0.577350269, 0.577350269, 0.577350269), (0.57735013, 0.572128773, 0.582525102), (0.570838601, 0.570838601, 0.5901581), (0.577350269, 0.577350269, 0.577350269), (0.570838601, 0.570838601, 0.5901581), (0.582525102, 0.57735013, 0.572128773), (0.577350269, 0.577350269, 0.577350269), (0.582525102, 0.57735013, 0.572128773), (0.5901581, 0.570838601, 0.570838601), (0.577350269, 0.577350269, 0.577350269), (0.5901581, 0.570838601, 0.570838601), (0.572128773, 0.582525102, 0.57735013), (0.577350269, 0.577350269, 0.577350269), (0.634449393, 0.440676046, 0.635042195), (0.579094511, 0.338666686, 0.74158912), (0.655417591, 0.418962092, 0.628409537), (0.645765634, 0.312755939, 0.696541792), (0.579094511, 0.338666686, 0.74158912), (0.645765634, 0.312755939, 0.696541792), (0.596781672, 0.187996143, 0.780069924), (0.579094511, 0.338666686, 0.74158912), (0.596781672, 0.187996143, 0.780069924), (0.534472177, 0.288892849, 0.794279808), (0.463810956, 0.426242203, 0.776657571), (0.579094511, 0.338666686, 0.74158912), (0.459724159, 0.421482079, 0.781669082), (0.534472177, 0.288892849, 0.794279808), (0.463810956, 0.426242203, 0.776657571), (0.579094511, 0.338666686, 0.74158912), (0.469314795, 0.43340135, 0.769354855), (0.565110066, 0.42638767, 0.706289011), (0.634449393, 0.440676046, 0.635042195), (0.579094511, 0.338666686, 0.74158912), (0.615487066, 0.460752034, 0.639439782), (0.565110066, 0.42638767, 0.706289011), (0.575921524, 0.509475088, 0.639335227), (0.615487066, 0.460752034, 0.639439782), (0.556859609, 0.487016533, 0.672846396), (0.615487066, 0.460752034, 0.639439782), (0.565110066, 0.42638767, 0.706289011), (0.556859609, 0.487016533, 0.672846396), (0.565110066, 0.42638767, 0.706289011), (0.469314795, 0.43340135, 0.769354855), (0.556859609, 0.487016533, 0.672846396), (0.469314795, 0.43340135, 0.769354855), (0.528684867, 0.512936404, 0.676305077), (0.556859609, 0.487016533, 0.672846396), (0.528684867, 0.512936404, 0.676305077), (0.554384126, 0.549889717, 0.624723571), (0.556859609, 0.487016533, 0.672846396), (0.554384126, 0.549889717, 0.624723571), (0.575921524, 0.509475088, 0.639335227), (0.556859609, 0.487016533, 0.672846396), (0.534472177, 0.288892849, 0.794279808), (0.441504208, 0.190370697, 0.876831245), (0.596781672, 0.187996143, 0.780069924), (0.560962862, 0.1293149, 0.817678619), (0.441504208, 0.190370697, 0.876831245), (0.560962862, 0.1293149, 0.817678619), (0.41740009, -0.0456438845, 0.907575782), (0.441504208, 0.190370697, 0.876831245), (0.41740009, -0.0456438845, 0.907575782), (0.331172224, 0.106442485, 0.937547308), (0.339832202, 0.294633396, 0.893143458), (0.441504208, 0.190370697, 0.876831245), (0.265953334, 0.22550466, 0.937238749), (0.331172224, 0.106442485, 0.937547308), (0.339832202, 0.294633396, 0.893143458), (0.459724159, 0.421482079, 0.781669082), (0.441504208, 0.190370697, 0.876831245), (0.459724159, 0.421482079, 0.781669082), (0.534472177, 0.288892849, 0.794279808), (0.441504208, 0.190370697, 0.876831245), (0.331172224, 0.106442485, 0.937547308), (0.214326099, -0.019087518, 0.976575645), (0.41740009, -0.0456438845, 0.907575782), (0.35741351, -0.102539522, 0.928300183), (0.214326099, -0.019087518, 0.976575645), (0.35741351, -0.102539522, 0.928300183), (0.158746122, -0.274597876, 0.948364737), (0.214326099, -0.019087518, 0.976575645), (0.158746122, -0.274597876, 0.948364737), (0.0686427021, -0.126947035, 0.98953152), (0.1332927, 0.11110348, 0.984829464), (0.214326099, -0.019087518, 0.976575645), (-0.00302201685, -0.00248735742, 0.99999234), (0.0686427021, -0.126947035, 0.98953152), (0.1332927, 0.11110348, 0.984829464), (0.265953334, 0.22550466, 0.937238749), (0.214326099, -0.019087518, 0.976575645), (0.265953334, 0.22550466, 0.937238749), (0.331172224, 0.106442485, 0.937547308), (0.214326099, -0.019087518, 0.976575645), (-0.416131037, 0.451237955, 0.789442378), (-0.206795014, 0.440875961, 0.873420981), (-0.425586543, 0.460060811, 0.779243316), (-0.293626827, 0.534298443, 0.792659107), (-0.206795014, 0.440875961, 0.873420981), (-0.293626827, 0.534298443, 0.792659107), (-0.193251617, 0.596406443, 0.779071991), (-0.206795014, 0.440875961, 0.873420981), (-0.193251617, 0.596406443, 0.779071991), (-0.019357441, 0.468236875, 0.88339092), (-0.112943196, 0.331386797, 0.936710534), (-0.206795014, 0.440875961, 0.873420981), (0.0403519006, 0.418179836, 0.907467547), (-0.019357441, 0.468236875, 0.88339092), (-0.112943196, 0.331386797, 0.936710534), (-0.23071878, 0.266960133, 0.935682174), (-0.206795014, 0.440875961, 0.873420981), (-0.23071878, 0.266960133, 0.935682174), (-0.416131037, 0.451237955, 0.789442378), (-0.206795014, 0.440875961, 0.873420981), (0.0657472234, 0.660973812, 0.747523192), (-0.0995843869, 0.653555033, 0.750299119), (-0.00283153895, 0.707093543, 0.70711435), (0.0657472234, 0.660973812, 0.747523192), (-0.00283153895, 0.707093543, 0.70711435), (0.0940410722, 0.750745829, 0.653863117), (0.0657472234, 0.660973812, 0.747523192), (0.0940410722, 0.750745829, 0.653863117), (0.176210883, 0.662245879, 0.72827201), (0.23339373, 0.531857122, 0.814036466), (0.0657472234, 0.660973812, 0.747523192), (0.283229744, 0.561106987, 0.7777788), (0.176210883, 0.662245879, 0.72827201), (0.23339373, 0.531857122, 0.814036466), (0.0657472234, 0.660973812, 0.747523192), (0.137166102, 0.475354215, 0.86903615), (0.0528853133, 0.526338269, 0.848628995), (0.0657472234, 0.660973812, 0.747523192), (0.0528853133, 0.526338269, 0.848628995), (-0.0995843869, 0.653555033, 0.750299119), (-0.019357441, 0.468236875, 0.88339092), (0.0441248965, 0.469383342, 0.881891304), (-0.193251617, 0.596406443, 0.779071991), (-0.150236516, 0.623131668, 0.767551896), (0.0528853133, 0.526338269, 0.848628995), (0.0441248965, 0.469383342, 0.881891304), (-0.0995843869, 0.653555033, 0.750299119), (-0.150236516, 0.623131668, 0.767551896), (0.0528853133, 0.526338269, 0.848628995), (0.137166102, 0.475354215, 0.86903615), (0.0441248965, 0.469383342, 0.881891304), (0.137166102, 0.475354215, 0.86903615), (0.077833018, 0.439755192, 0.894738729), (0.0441248965, 0.469383342, 0.881891304), (0.077833018, 0.439755192, 0.894738729), (0.0403519006, 0.418179836, 0.907467547), (0.0441248965, 0.469383342, 0.881891304), (0.0403519006, 0.418179836, 0.907467547), (-0.019357441, 0.468236875, 0.88339092), (0.0441248965, 0.469383342, 0.881891304), (0.429300004, 0.777020463, 0.460370185), (0.421482079, 0.781669082, 0.459724159), (0.427603682, 0.780286811, 0.456407256), (0.429300004, 0.777020463, 0.460370185), (0.427603682, 0.780286811, 0.456407256), (0.439460422, 0.777231227, 0.450317841), (0.429300004, 0.777020463, 0.460370185), (0.439460422, 0.777231227, 0.450317841), (0.434553204, 0.773806093, 0.460855338), (0.429300004, 0.777020463, 0.460370185), (0.434553204, 0.773806093, 0.460855338), (0.43340135, 0.769354855, 0.469314795), (0.429300004, 0.777020463, 0.460370185), (0.43340135, 0.769354855, 0.469314795), (0.426242203, 0.776657571, 0.463810956), (0.429300004, 0.777020463, 0.460370185), (0.426242203, 0.776657571, 0.463810956), (0.421482079, 0.781669082, 0.459724159), (0.338666686, 0.74158912, 0.579094511), (0.187996143, 0.780069924, 0.596781672), (0.288892849, 0.794279808, 0.534472177), (0.426242203, 0.776657571, 0.463810956), (0.338666686, 0.74158912, 0.579094511), (0.421482079, 0.781669082, 0.459724159), (0.288892849, 0.794279808, 0.534472177), (0.426242203, 0.776657571, 0.463810956), (0.338666686, 0.74158912, 0.579094511), (0.43340135, 0.769354855, 0.469314795), (0.42638767, 0.706289011, 0.565110066), (0.440676046, 0.635042195, 0.634449393), (0.338666686, 0.74158912, 0.579094511), (0.460752034, 0.639439782, 0.615487066), (0.42638767, 0.706289011, 0.565110066), (0.440676046, 0.635042195, 0.634449393), (0.338666686, 0.74158912, 0.579094511), (0.418962092, 0.628409537, 0.655417591), (0.312755939, 0.696541792, 0.645765634), (0.338666686, 0.74158912, 0.579094511), (0.312755939, 0.696541792, 0.645765634), (0.187996143, 0.780069924, 0.596781672), (0.176210883, 0.662245879, 0.72827201), (0.291473347, 0.651567332, 0.700359407), (0.0940410722, 0.750745829, 0.653863117), (0.144830697, 0.768294816, 0.623495906), (0.312755939, 0.696541792, 0.645765634), (0.291473347, 0.651567332, 0.700359407), (0.187996143, 0.780069924, 0.596781672), (0.144830697, 0.768294816, 0.623495906), (0.312755939, 0.696541792, 0.645765634), (0.418962092, 0.628409537, 0.655417591), (0.291473347, 0.651567332, 0.700359407), (0.418962092, 0.628409537, 0.655417591), (0.353864389, 0.598825318, 0.718462409), (0.291473347, 0.651567332, 0.700359407), (0.353864389, 0.598825318, 0.718462409), (0.283229744, 0.561106987, 0.7777788), (0.291473347, 0.651567332, 0.700359407), (0.283229744, 0.561106987, 0.7777788), (0.176210883, 0.662245879, 0.72827201), (0.291473347, 0.651567332, 0.700359407), (0.677968352, 0.606799252, 0.414913945), (0.630690767, 0.676433262, 0.380351413), (0.694169753, 0.625108791, 0.356885632), (0.677968352, 0.606799252, 0.414913945), (0.694169753, 0.625108791, 0.356885632), (0.785336365, 0.505822472, 0.356917946), (0.677968352, 0.606799252, 0.414913945), (0.785336365, 0.505822472, 0.356917946), (0.695866926, 0.567482661, 0.440150713), (0.677968352, 0.606799252, 0.414913945), (0.695866926, 0.567482661, 0.440150713), (0.65654017, 0.582783861, 0.478871567), (0.677968352, 0.606799252, 0.414913945), (0.65654017, 0.582783861, 0.478871567), (0.647767065, 0.62751962, 0.431991848), (0.677968352, 0.606799252, 0.414913945), (0.647767065, 0.62751962, 0.431991848), (0.630690767, 0.676433262, 0.380351413), (0.434553204, 0.773806093, 0.460855338), (0.56377413, 0.668775055, 0.484663446), (0.439460422, 0.777231227, 0.450317841), (0.56270043, 0.725050227, 0.397077315), (0.647767065, 0.62751962, 0.431991848), (0.56377413, 0.668775055, 0.484663446), (0.630690767, 0.676433262, 0.380351413), (0.56270043, 0.725050227, 0.397077315), (0.647767065, 0.62751962, 0.431991848), (0.56377413, 0.668775055, 0.484663446), (0.65654017, 0.582783861, 0.478871567), (0.615738074, 0.595349017, 0.51616487), (0.568468491, 0.61269692, 0.549041036), (0.56377413, 0.668775055, 0.484663446), (0.588645576, 0.593890271, 0.548443919), (0.615738074, 0.595349017, 0.51616487), (0.568468491, 0.61269692, 0.549041036), (0.56377413, 0.668775055, 0.484663446), (0.549889717, 0.624723571, 0.554384126), (0.512936404, 0.676305077, 0.528684867), (0.434553204, 0.773806093, 0.460855338), (0.56377413, 0.668775055, 0.484663446), (0.43340135, 0.769354855, 0.469314795), (0.512936404, 0.676305077, 0.528684867), (0.42638767, 0.706289011, 0.565110066), (0.43340135, 0.769354855, 0.469314795), (0.487016533, 0.672846396, 0.556859609), (0.43340135, 0.769354855, 0.469314795), (0.512936404, 0.676305077, 0.528684867), (0.487016533, 0.672846396, 0.556859609), (0.512936404, 0.676305077, 0.528684867), (0.549889717, 0.624723571, 0.554384126), (0.487016533, 0.672846396, 0.556859609), (0.549889717, 0.624723571, 0.554384126), (0.509475088, 0.639335227, 0.575921524), (0.487016533, 0.672846396, 0.556859609), (0.509475088, 0.639335227, 0.575921524), (0.460752034, 0.639439782, 0.615487066), (0.487016533, 0.672846396, 0.556859609), (0.460752034, 0.639439782, 0.615487066), (0.42638767, 0.706289011, 0.565110066), (0.487016533, 0.672846396, 0.556859609), (0.823478841, 0.279959545, 0.493462513), (0.816524511, 0.440394641, 0.373283115), (0.878042811, 0.277952879, 0.389593402), (0.823478841, 0.279959545, 0.493462513), (0.878042811, 0.277952879, 0.389593402), (0.86903615, 0.137166102, 0.475354215), (0.823478841, 0.279959545, 0.493462513), (0.86903615, 0.137166102, 0.475354215), (0.814036466, 0.23339373, 0.531857122), (0.823478841, 0.279959545, 0.493462513), (0.814036466, 0.23339373, 0.531857122), (0.7777788, 0.283229744, 0.561106987), (0.823478841, 0.279959545, 0.493462513), (0.7777788, 0.283229744, 0.561106987), (0.798388592, 0.329450384, 0.504021925), (0.823478841, 0.279959545, 0.493462513), (0.798388592, 0.329450384, 0.504021925), (0.816524511, 0.440394641, 0.373283115), (0.695866926, 0.567482661, 0.440150713), (0.724308421, 0.454914332, 0.51810256), (0.785336365, 0.505822472, 0.356917946), (0.803008164, 0.474991708, 0.359945506), (0.798388592, 0.329450384, 0.504021925), (0.724308421, 0.454914332, 0.51810256), (0.816524511, 0.440394641, 0.373283115), (0.803008164, 0.474991708, 0.359945506), (0.798388592, 0.329450384, 0.504021925), (0.724308421, 0.454914332, 0.51810256), (0.7777788, 0.283229744, 0.561106987), (0.718462409, 0.353864389, 0.598825318), (0.652958547, 0.4532141, 0.60682956), (0.724308421, 0.454914332, 0.51810256), (0.655417591, 0.418962092, 0.628409537), (0.718462409, 0.353864389, 0.598825318), (0.652958547, 0.4532141, 0.60682956), (0.724308421, 0.454914332, 0.51810256), (0.642344473, 0.488513607, 0.590548926), (0.657396965, 0.534758387, 0.530907429), (0.695866926, 0.567482661, 0.440150713), (0.724308421, 0.454914332, 0.51810256), (0.65654017, 0.582783861, 0.478871567), (0.657396965, 0.534758387, 0.530907429), (0.615738074, 0.595349017, 0.51616487), (0.65654017, 0.582783861, 0.478871567), (0.630568179, 0.560495951, 0.536868756), (0.65654017, 0.582783861, 0.478871567), (0.657396965, 0.534758387, 0.530907429), (0.630568179, 0.560495951, 0.536868756), (0.657396965, 0.534758387, 0.530907429), (0.642344473, 0.488513607, 0.590548926), (0.630568179, 0.560495951, 0.536868756), (0.642344473, 0.488513607, 0.590548926), (0.618403559, 0.551674478, 0.559671607), (0.630568179, 0.560495951, 0.536868756), (0.618403559, 0.551674478, 0.559671607), (0.588645576, 0.593890271, 0.548443919), (0.630568179, 0.560495951, 0.536868756), (0.588645576, 0.593890271, 0.548443919), (0.615738074, 0.595349017, 0.51616487), (0.630568179, 0.560495951, 0.536868756), (0.814036466, 0.23339373, 0.531857122), (0.747523192, 0.0657472234, 0.660973812), (0.86903615, 0.137166102, 0.475354215), (0.848628995, 0.0528853133, 0.526338269), (0.747523192, 0.0657472234, 0.660973812), (0.848628995, 0.0528853133, 0.526338269), (0.750299119, -0.0995843869, 0.653555033), (0.747523192, 0.0657472234, 0.660973812), (0.750299119, -0.0995843869, 0.653555033), (0.70711435, -0.00283153895, 0.707093543), (0.747523192, 0.0657472234, 0.660973812), (0.70711435, -0.00283153895, 0.707093543), (0.653863117, 0.0940410722, 0.750745829), (0.747523192, 0.0657472234, 0.660973812), (0.653863117, 0.0940410722, 0.750745829), (0.72827201, 0.176210883, 0.662245879), (0.814036466, 0.23339373, 0.531857122), (0.747523192, 0.0657472234, 0.660973812), (0.7777788, 0.283229744, 0.561106987), (0.72827201, 0.176210883, 0.662245879), (0.718462409, 0.353864389, 0.598825318), (0.7777788, 0.283229744, 0.561106987), (0.700359407, 0.291473347, 0.651567332), (0.7777788, 0.283229744, 0.561106987), (0.72827201, 0.176210883, 0.662245879), (0.700359407, 0.291473347, 0.651567332), (0.72827201, 0.176210883, 0.662245879), (0.700359407, 0.291473347, 0.651567332), (0.653863117, 0.0940410722, 0.750745829), (0.623495906, 0.144830697, 0.768294816), (0.645765634, 0.312755939, 0.696541792), (0.700359407, 0.291473347, 0.651567332), (0.596781672, 0.187996143, 0.780069924), (0.623495906, 0.144830697, 0.768294816), (0.645765634, 0.312755939, 0.696541792), (0.655417591, 0.418962092, 0.628409537), (0.700359407, 0.291473347, 0.651567332), (0.655417591, 0.418962092, 0.628409537), (0.718462409, 0.353864389, 0.598825318), (0.700359407, 0.291473347, 0.651567332), (0.70711435, -0.00283153895, 0.707093543), (0.576491598, -0.185164717, 0.795846383), (0.750299119, -0.0995843869, 0.653555033), (0.673059784, -0.184091304, 0.71631063), (0.576491598, -0.185164717, 0.795846383), (0.673059784, -0.184091304, 0.71631063), (0.560147361, -0.287474321, 0.776912768), (0.576491598, -0.185164717, 0.795846383), (0.560147361, -0.287474321, 0.776912768), (0.531519226, -0.238909713, 0.812655808), (0.576491598, -0.185164717, 0.795846383), (0.531519226, -0.238909713, 0.812655808), (0.476300127, -0.145115528, 0.867225272), (0.576491598, -0.185164717, 0.795846383), (0.476300127, -0.145115528, 0.867225272), (0.592035013, -0.0235681589, 0.805567555), (0.70711435, -0.00283153895, 0.707093543), (0.576491598, -0.185164717, 0.795846383), (0.653863117, 0.0940410722, 0.750745829), (0.592035013, -0.0235681589, 0.805567555), (0.623495906, 0.144830697, 0.768294816), (0.653863117, 0.0940410722, 0.750745829), (0.596672255, 0.10402237, 0.795714501), (0.653863117, 0.0940410722, 0.750745829), (0.592035013, -0.0235681589, 0.805567555), (0.596672255, 0.10402237, 0.795714501), (0.592035013, -0.0235681589, 0.805567555), (0.596672255, 0.10402237, 0.795714501), (0.476300127, -0.145115528, 0.867225272), (0.43963995, -0.0842217576, 0.894216646), (0.560962862, 0.1293149, 0.817678619), (0.596672255, 0.10402237, 0.795714501), (0.41740009, -0.0456438845, 0.907575782), (0.43963995, -0.0842217576, 0.894216646), (0.560962862, 0.1293149, 0.817678619), (0.596781672, 0.187996143, 0.780069924), (0.596672255, 0.10402237, 0.795714501), (0.596781672, 0.187996143, 0.780069924), (0.623495906, 0.144830697, 0.768294816), (0.596672255, 0.10402237, 0.795714501), (0.531519226, -0.238909713, 0.812655808), (0.560147361, -0.287474321, 0.776912768), (0.378305893, -0.43932543, 0.814786977), (0.531519226, -0.238909713, 0.812655808), (0.476300127, -0.145115528, 0.867225272), (0.378305893, -0.43932543, 0.814786977), (0.43963995, -0.0842217576, 0.894216646), (0.476300127, -0.145115528, 0.867225272), (0.396206412, -0.144809305, 0.906670141), (0.476300127, -0.145115528, 0.867225272), (0.396206412, -0.144809305, 0.906670141), (0.378305893, -0.43932543, 0.814786977), (0.32458924, -0.483416222, 0.812988673), (0.396206412, -0.144809305, 0.906670141), (0.32458924, -0.483416222, 0.812988673), (0.212388054, -0.354714742, 0.910532134), (0.35741351, -0.102539522, 0.928300183), (0.396206412, -0.144809305, 0.906670141), (0.158746122, -0.274597876, 0.948364737), (0.212388054, -0.354714742, 0.910532134), (0.35741351, -0.102539522, 0.928300183), (0.41740009, -0.0456438845, 0.907575782), (0.396206412, -0.144809305, 0.906670141), (0.41740009, -0.0456438845, 0.907575782), (0.43963995, -0.0842217576, 0.894216646), (0.396206412, -0.144809305, 0.906670141), (-0.417828553, 0.62370835, 0.660611228), (-0.463083099, 0.615096803, 0.638130055), (-0.443848647, 0.633357541, 0.633921607), (-0.417828553, 0.62370835, 0.660611228), (-0.443848647, 0.633357541, 0.633921607), (-0.423075475, 0.653537912, 0.627610819), (-0.417828553, 0.62370835, 0.660611228), (-0.423075475, 0.653537912, 0.627610819), (-0.335482928, 0.63964862, 0.691592979), (-0.293626827, 0.534298443, 0.792659107), (-0.417828553, 0.62370835, 0.660611228), (-0.193251617, 0.596406443, 0.779071991), (-0.335482928, 0.63964862, 0.691592979), (-0.293626827, 0.534298443, 0.792659107), (-0.425586543, 0.460060811, 0.779243316), (-0.417828553, 0.62370835, 0.660611228), (-0.425586543, 0.460060811, 0.779243316), (-0.417828553, 0.62370835, 0.660611228), (-0.43690644, 0.469232652, 0.767420016), (-0.463083099, 0.615096803, 0.638130055), (-0.43690644, 0.469232652, 0.767420016), (-0.551868459, 0.554593877, 0.62278956), (-0.511624449, 0.575631928, 0.637877971), (-0.43690644, 0.469232652, 0.767420016), (-0.463083099, 0.615096803, 0.638130055), (-0.511624449, 0.575631928, 0.637877971), (0.774069862, 0.426957309, -0.467464764), (0.764965593, 0.435860667, -0.474186799), (0.774802583, 0.443250282, -0.45078836), (0.774069862, 0.426957309, -0.467464764), (0.780345541, 0.420991897, -0.462413948), (0.774802583, 0.443250282, -0.45078836), (-0.185164717, 0.795846383, 0.576491598), (-0.287474321, 0.776912768, 0.560147361), (-0.238909713, 0.812655808, 0.531519226), (-0.185164717, 0.795846383, 0.576491598), (-0.238909713, 0.812655808, 0.531519226), (-0.145115528, 0.867225272, 0.476300127), (-0.185164717, 0.795846383, 0.576491598), (-0.145115528, 0.867225272, 0.476300127), (-0.0235681589, 0.805567555, 0.592035013), (-0.00283153895, 0.707093543, 0.70711435), (-0.185164717, 0.795846383, 0.576491598), (0.0940410722, 0.750745829, 0.653863117), (-0.0235681589, 0.805567555, 0.592035013), (-0.00283153895, 0.707093543, 0.70711435), (-0.185164717, 0.795846383, 0.576491598), (-0.0995843869, 0.653555033, 0.750299119), (-0.184091304, 0.71631063, 0.673059784), (-0.185164717, 0.795846383, 0.576491598), (-0.184091304, 0.71631063, 0.673059784), (-0.287474321, 0.776912768, 0.560147361), (-0.335482928, 0.63964862, 0.691592979), (-0.195962714, 0.652281705, 0.732207069), (-0.423075475, 0.653537912, 0.627610819), (-0.358217103, 0.716911144, 0.598096078), (-0.184091304, 0.71631063, 0.673059784), (-0.195962714, 0.652281705, 0.732207069), (-0.287474321, 0.776912768, 0.560147361), (-0.358217103, 0.716911144, 0.598096078), (-0.184091304, 0.71631063, 0.673059784), (-0.0995843869, 0.653555033, 0.750299119), (-0.195962714, 0.652281705, 0.732207069), (-0.0995843869, 0.653555033, 0.750299119), (-0.150236516, 0.623131668, 0.767551896), (-0.195962714, 0.652281705, 0.732207069), (-0.150236516, 0.623131668, 0.767551896), (-0.193251617, 0.596406443, 0.779071991), (-0.195962714, 0.652281705, 0.732207069), (-0.193251617, 0.596406443, 0.779071991), (-0.335482928, 0.63964862, 0.691592979), (-0.195962714, 0.652281705, 0.732207069), (0.780345541, 0.420991897, -0.462413948), (0.860644023, 0.467990086, -0.200691666), (0.774802583, 0.443250282, -0.45078836), (0.811459433, 0.542177966, -0.218120706), (0.780345541, 0.420991897, -0.462413948), (0.890649075, 0.295807524, -0.345314543), (0.860644023, 0.467990086, -0.200691666), (0.890649075, 0.295807524, -0.345314543), (0.860644023, 0.467990086, -0.200691666), (0.936184818, 0.224959032, -0.270095208), (0.894043781, 0.417051817, -0.163564969), (0.860644023, 0.467990086, -0.200691666), (0.894043781, 0.417051817, -0.163564969), (0.866926539, 0.482109638, -0.126525387), (0.860644023, 0.467990086, -0.200691666), (0.866926539, 0.482109638, -0.126525387), (0.845822353, 0.507494987, -0.164418322), (0.860644023, 0.467990086, -0.200691666), (0.845822353, 0.507494987, -0.164418322), (0.811459433, 0.542177966, -0.218120706), (0.722132307, 0.691553549, -0.0166918937), (0.692033083, 0.721278325, -0.0291168367), (0.722479727, 0.686828532, -0.0793070743), (0.845822353, 0.507494987, -0.164418322), (0.722132307, 0.691553549, -0.0166918937), (0.811459433, 0.542177966, -0.218120706), (0.722479727, 0.686828532, -0.0793070743), (0.845822353, 0.507494987, -0.164418322), (0.722132307, 0.691553549, -0.0166918937), (0.866926539, 0.482109638, -0.126525387), (0.744490358, 0.667633211, -5.28637589e-05), (0.722132307, 0.691553549, -0.0166918937), (0.744490358, 0.667633211, -5.28637589e-05), (0.72119782, 0.69232469, 0.0236691289), (0.722132307, 0.691553549, -0.0166918937), (0.72119782, 0.69232469, 0.0236691289), (0.707009324, 0.707198966, -0.00272726967), (0.722132307, 0.691553549, -0.0166918937), (0.707009324, 0.707198966, -0.00272726967), (0.692033083, 0.721278325, -0.0291168367), (0.533609105, 0.834278578, 0.13871041), (0.482604656, 0.867302758, 0.121978165), (0.531052557, 0.843049661, 0.0851495727), (0.707009324, 0.707198966, -0.00272726967), (0.533609105, 0.834278578, 0.13871041), (0.692033083, 0.721278325, -0.0291168367), (0.531052557, 0.843049661, 0.0851495727), (0.707009324, 0.707198966, -0.00272726967), (0.533609105, 0.834278578, 0.13871041), (0.72119782, 0.69232469, 0.0236691289), (0.576924926, 0.801272818, 0.158491329), (0.533609105, 0.834278578, 0.13871041), (0.576924926, 0.801272818, 0.158491329), (0.541337908, 0.813766179, 0.211513297), (0.533609105, 0.834278578, 0.13871041), (0.541337908, 0.813766179, 0.211513297), (0.507369022, 0.846941738, 0.15895398), (0.533609105, 0.834278578, 0.13871041), (0.507369022, 0.846941738, 0.15895398), (0.482604656, 0.867302758, 0.121978165), (0.343667098, 0.893302174, 0.289662132), (0.22550466, 0.937238749, 0.265953334), (0.318639746, 0.923708995, 0.212674409), (0.507369022, 0.846941738, 0.15895398), (0.343667098, 0.893302174, 0.289662132), (0.482604656, 0.867302758, 0.121978165), (0.318639746, 0.923708995, 0.212674409), (0.507369022, 0.846941738, 0.15895398), (0.343667098, 0.893302174, 0.289662132), (0.541337908, 0.813766179, 0.211513297), (0.457090549, 0.830947266, 0.317166944), (0.427603682, 0.780286811, 0.456407256), (0.343667098, 0.893302174, 0.289662132), (0.439460422, 0.777231227, 0.450317841), (0.457090549, 0.830947266, 0.317166944), (0.427603682, 0.780286811, 0.456407256), (0.343667098, 0.893302174, 0.289662132), (0.421482079, 0.781669082, 0.459724159), (0.294633396, 0.893143458, 0.339832202), (0.343667098, 0.893302174, 0.289662132), (0.294633396, 0.893143458, 0.339832202), (0.22550466, 0.937238749, 0.265953334), (0.190370697, 0.876831245, 0.441504208), (-0.0456438845, 0.907575782, 0.41740009), (0.106442485, 0.937547308, 0.331172224), (0.294633396, 0.893143458, 0.339832202), (0.190370697, 0.876831245, 0.441504208), (0.22550466, 0.937238749, 0.265953334), (0.106442485, 0.937547308, 0.331172224), (0.294633396, 0.893143458, 0.339832202), (0.421482079, 0.781669082, 0.459724159), (0.190370697, 0.876831245, 0.441504208), (0.421482079, 0.781669082, 0.459724159), (0.288892849, 0.794279808, 0.534472177), (0.190370697, 0.876831245, 0.441504208), (0.288892849, 0.794279808, 0.534472177), (0.190370697, 0.876831245, 0.441504208), (0.187996143, 0.780069924, 0.596781672), (0.1293149, 0.817678619, 0.560962862), (0.190370697, 0.876831245, 0.441504208), (0.1293149, 0.817678619, 0.560962862), (-0.0456438845, 0.907575782, 0.41740009), (-0.0235681589, 0.805567555, 0.592035013), (0.10402237, 0.795714501, 0.596672255), (-0.145115528, 0.867225272, 0.476300127), (-0.0842217576, 0.894216646, 0.43963995), (0.1293149, 0.817678619, 0.560962862), (0.10402237, 0.795714501, 0.596672255), (-0.0456438845, 0.907575782, 0.41740009), (-0.0842217576, 0.894216646, 0.43963995), (0.1293149, 0.817678619, 0.560962862), (0.187996143, 0.780069924, 0.596781672), (0.10402237, 0.795714501, 0.596672255), (0.187996143, 0.780069924, 0.596781672), (0.144830697, 0.768294816, 0.623495906), (0.10402237, 0.795714501, 0.596672255), (0.144830697, 0.768294816, 0.623495906), (0.0940410722, 0.750745829, 0.653863117), (0.10402237, 0.795714501, 0.596672255), (0.0940410722, 0.750745829, 0.653863117), (-0.0235681589, 0.805567555, 0.592035013), (0.10402237, 0.795714501, 0.596672255), (0.894043781, 0.417051817, -0.163564969), (0.936184818, 0.224959032, -0.270095208), (0.966545565, 0.247168414, -0.0685379192), (0.936184818, 0.224959032, -0.270095208), (0.983622433, 0.112843573, -0.140546211), (0.966545565, 0.247168414, -0.0685379192), (0.983622433, 0.112843573, -0.140546211), (0.966545565, 0.247168414, -0.0685379192), (0.999993961, -0.0030220448, -0.00171622079), (0.990597682, 0.118587049, 0.0682154292), (0.966545565, 0.247168414, -0.0685379192), (0.990597682, 0.118587049, 0.0682154292), (0.949610503, 0.269508847, 0.160015228), (0.966545565, 0.247168414, -0.0685379192), (0.949610503, 0.269508847, 0.160015228), (0.928290571, 0.370739535, 0.0287891098), (0.894043781, 0.417051817, -0.163564969), (0.966545565, 0.247168414, -0.0685379192), (0.866926539, 0.482109638, -0.126525387), (0.928290571, 0.370739535, 0.0287891098), (0.744490358, 0.667633211, -5.28637589e-05), (0.866926539, 0.482109638, -0.126525387), (0.864874573, 0.492294186, 0.0981753919), (0.866926539, 0.482109638, -0.126525387), (0.928290571, 0.370739535, 0.0287891098), (0.864874573, 0.492294186, 0.0981753919), (0.928290571, 0.370739535, 0.0287891098), (0.864874573, 0.492294186, 0.0981753919), (0.949610503, 0.269508847, 0.160015228), (0.913387052, 0.347554913, 0.211966214), (0.864874573, 0.492294186, 0.0981753919), (0.913387052, 0.347554913, 0.211966214), (0.814894351, 0.479442698, 0.32570216), (0.864874573, 0.492294186, 0.0981753919), (0.814894351, 0.479442698, 0.32570216), (0.785041088, 0.594707169, 0.173302837), (0.744490358, 0.667633211, -5.28637589e-05), (0.864874573, 0.492294186, 0.0981753919), (0.72119782, 0.69232469, 0.0236691289), (0.785041088, 0.594707169, 0.173302837), (0.576924926, 0.801272818, 0.158491329), (0.72119782, 0.69232469, 0.0236691289), (0.710956823, 0.664705011, 0.229581454), (0.72119782, 0.69232469, 0.0236691289), (0.785041088, 0.594707169, 0.173302837), (0.710956823, 0.664705011, 0.229581454), (0.785041088, 0.594707169, 0.173302837), (0.710956823, 0.664705011, 0.229581454), (0.814894351, 0.479442698, 0.32570216), (0.803327266, 0.491299083, 0.336586563), (0.694169753, 0.625108791, 0.356885632), (0.710956823, 0.664705011, 0.229581454), (0.785336365, 0.505822472, 0.356917946), (0.803327266, 0.491299083, 0.336586563), (0.694169753, 0.625108791, 0.356885632), (0.710956823, 0.664705011, 0.229581454), (0.630690767, 0.676433262, 0.380351413), (0.599165033, 0.737470097, 0.311671494), (0.576924926, 0.801272818, 0.158491329), (0.710956823, 0.664705011, 0.229581454), (0.541337908, 0.813766179, 0.211513297), (0.599165033, 0.737470097, 0.311671494), (0.457090549, 0.830947266, 0.317166944), (0.541337908, 0.813766179, 0.211513297), (0.553001535, 0.758005067, 0.345857805), (0.541337908, 0.813766179, 0.211513297), (0.599165033, 0.737470097, 0.311671494), (0.553001535, 0.758005067, 0.345857805), (0.599165033, 0.737470097, 0.311671494), (0.630690767, 0.676433262, 0.380351413), (0.553001535, 0.758005067, 0.345857805), (0.630690767, 0.676433262, 0.380351413), (0.56270043, 0.725050227, 0.397077315), (0.553001535, 0.758005067, 0.345857805), (0.56270043, 0.725050227, 0.397077315), (0.439460422, 0.777231227, 0.450317841), (0.553001535, 0.758005067, 0.345857805), (0.439460422, 0.777231227, 0.450317841), (0.457090549, 0.830947266, 0.317166944), (0.553001535, 0.758005067, 0.345857805), (0.990597682, 0.118587049, 0.0682154292), (0.999993961, -0.0030220448, -0.00171622079), (0.985753095, 0.01656773, 0.16738084), (0.999993961, -0.0030220448, -0.00171622079), (0.981296322, -0.126201678, 0.145363908), (0.985753095, 0.01656773, 0.16738084), (0.981296322, -0.126201678, 0.145363908), (0.985753095, 0.01656773, 0.16738084), (0.935682174, -0.23071878, 0.266960133), (0.936710534, -0.112943196, 0.331386797), (0.985753095, 0.01656773, 0.16738084), (0.936710534, -0.112943196, 0.331386797), (0.907467547, 0.0403519006, 0.418179836), (0.985753095, 0.01656773, 0.16738084), (0.907467547, 0.0403519006, 0.418179836), (0.948880489, 0.194783278, 0.24836524), (0.990597682, 0.118587049, 0.0682154292), (0.985753095, 0.01656773, 0.16738084), (0.949610503, 0.269508847, 0.160015228), (0.948880489, 0.194783278, 0.24836524), (0.913387052, 0.347554913, 0.211966214), (0.949610503, 0.269508847, 0.160015228), (0.923816417, 0.274209225, 0.267156376), (0.949610503, 0.269508847, 0.160015228), (0.948880489, 0.194783278, 0.24836524), (0.923816417, 0.274209225, 0.267156376), (0.948880489, 0.194783278, 0.24836524), (0.923816417, 0.274209225, 0.267156376), (0.907467547, 0.0403519006, 0.418179836), (0.894738729, 0.077833018, 0.439755192), (0.878042811, 0.277952879, 0.389593402), (0.923816417, 0.274209225, 0.267156376), (0.86903615, 0.137166102, 0.475354215), (0.894738729, 0.077833018, 0.439755192), (0.878042811, 0.277952879, 0.389593402), (0.923816417, 0.274209225, 0.267156376), (0.816524511, 0.440394641, 0.373283115), (0.815954629, 0.466482446, 0.341485243), (0.913387052, 0.347554913, 0.211966214), (0.923816417, 0.274209225, 0.267156376), (0.814894351, 0.479442698, 0.32570216), (0.815954629, 0.466482446, 0.341485243), (0.803327266, 0.491299083, 0.336586563), (0.814894351, 0.479442698, 0.32570216), (0.807890822, 0.47725972, 0.345739178), (0.814894351, 0.479442698, 0.32570216), (0.815954629, 0.466482446, 0.341485243), (0.807890822, 0.47725972, 0.345739178), (0.815954629, 0.466482446, 0.341485243), (0.816524511, 0.440394641, 0.373283115), (0.807890822, 0.47725972, 0.345739178), (0.816524511, 0.440394641, 0.373283115), (0.803008164, 0.474991708, 0.359945506), (0.807890822, 0.47725972, 0.345739178), (0.803008164, 0.474991708, 0.359945506), (0.785336365, 0.505822472, 0.356917946), (0.807890822, 0.47725972, 0.345739178), (0.785336365, 0.505822472, 0.356917946), (0.803327266, 0.491299083, 0.336586563), (0.807890822, 0.47725972, 0.345739178), (0.936710534, -0.112943196, 0.331386797), (0.935682174, -0.23071878, 0.266960133), (0.873420981, -0.206795014, 0.440875961), (0.935682174, -0.23071878, 0.266960133), (0.789442378, -0.416131037, 0.451237955), (0.873420981, -0.206795014, 0.440875961), (0.789442378, -0.416131037, 0.451237955), (0.873420981, -0.206795014, 0.440875961), (0.779243316, -0.425586543, 0.460060811), (0.792659107, -0.293626827, 0.534298443), (0.873420981, -0.206795014, 0.440875961), (0.792659107, -0.293626827, 0.534298443), (0.779071991, -0.193251617, 0.596406443), (0.873420981, -0.206795014, 0.440875961), (0.779071991, -0.193251617, 0.596406443), (0.88339092, -0.019357441, 0.468236875), (0.936710534, -0.112943196, 0.331386797), (0.873420981, -0.206795014, 0.440875961), (0.907467547, 0.0403519006, 0.418179836), (0.88339092, -0.019357441, 0.468236875), (0.894738729, 0.077833018, 0.439755192), (0.907467547, 0.0403519006, 0.418179836), (0.881891304, 0.0441248965, 0.469383342), (0.907467547, 0.0403519006, 0.418179836), (0.88339092, -0.019357441, 0.468236875), (0.881891304, 0.0441248965, 0.469383342), (0.88339092, -0.019357441, 0.468236875), (0.881891304, 0.0441248965, 0.469383342), (0.779071991, -0.193251617, 0.596406443), (0.767551896, -0.150236516, 0.623131668), (0.848628995, 0.0528853133, 0.526338269), (0.881891304, 0.0441248965, 0.469383342), (0.750299119, -0.0995843869, 0.653555033), (0.767551896, -0.150236516, 0.623131668), (0.848628995, 0.0528853133, 0.526338269), (0.86903615, 0.137166102, 0.475354215), (0.881891304, 0.0441248965, 0.469383342), (0.86903615, 0.137166102, 0.475354215), (0.894738729, 0.077833018, 0.439755192), (0.881891304, 0.0441248965, 0.469383342), (0.792659107, -0.293626827, 0.534298443), (0.779243316, -0.425586543, 0.460060811), (0.660611228, -0.417828553, 0.62370835), (0.779243316, -0.425586543, 0.460060811), (0.660611228, -0.417828553, 0.62370835), (0.767420016, -0.43690644, 0.469232652), (0.638130055, -0.463083099, 0.615096803), (0.660611228, -0.417828553, 0.62370835), (0.638130055, -0.463083099, 0.615096803), (0.633921607, -0.443848647, 0.633357541), (0.660611228, -0.417828553, 0.62370835), (0.633921607, -0.443848647, 0.633357541), (0.627610819, -0.423075475, 0.653537912), (0.660611228, -0.417828553, 0.62370835), (0.627610819, -0.423075475, 0.653537912), (0.691592979, -0.335482928, 0.63964862), (0.792659107, -0.293626827, 0.534298443), (0.660611228, -0.417828553, 0.62370835), (0.779071991, -0.193251617, 0.596406443), (0.691592979, -0.335482928, 0.63964862), (0.767551896, -0.150236516, 0.623131668), (0.779071991, -0.193251617, 0.596406443), (0.732207069, -0.195962714, 0.652281705), (0.779071991, -0.193251617, 0.596406443), (0.691592979, -0.335482928, 0.63964862), (0.732207069, -0.195962714, 0.652281705), (0.691592979, -0.335482928, 0.63964862), (0.732207069, -0.195962714, 0.652281705), (0.627610819, -0.423075475, 0.653537912), (0.598096078, -0.358217103, 0.716911144), (0.673059784, -0.184091304, 0.71631063), (0.732207069, -0.195962714, 0.652281705), (0.560147361, -0.287474321, 0.776912768), (0.598096078, -0.358217103, 0.716911144), (0.673059784, -0.184091304, 0.71631063), (0.750299119, -0.0995843869, 0.653555033), (0.732207069, -0.195962714, 0.652281705), (0.750299119, -0.0995843869, 0.653555033), (0.767551896, -0.150236516, 0.623131668), (0.732207069, -0.195962714, 0.652281705), (0.633921607, -0.443848647, 0.633357541), (0.638130055, -0.463083099, 0.615096803), (0.591230603, -0.48962634, 0.640868489), (0.633921607, -0.443848647, 0.633357541), (0.627610819, -0.423075475, 0.653537912), (0.591230603, -0.48962634, 0.640868489), (0.598096078, -0.358217103, 0.716911144), (0.627610819, -0.423075475, 0.653537912), (0.498266067, -0.490596687, 0.714874686), (0.627610819, -0.423075475, 0.653537912), (0.498266067, -0.490596687, 0.714874686), (0.591230603, -0.48962634, 0.640868489), (0.478335346, -0.585133827, 0.654838683), (0.498266067, -0.490596687, 0.714874686), (0.478335346, -0.585133827, 0.654838683), (0.440596602, -0.570817361, 0.692850759), (0.498266067, -0.490596687, 0.714874686), (0.440596602, -0.570817361, 0.692850759), (0.360207917, -0.512888541, 0.779227567), (0.560147361, -0.287474321, 0.776912768), (0.498266067, -0.490596687, 0.714874686), (0.378305893, -0.43932543, 0.814786977), (0.360207917, -0.512888541, 0.779227567), (0.560147361, -0.287474321, 0.776912768), (0.598096078, -0.358217103, 0.716911144), (0.498266067, -0.490596687, 0.714874686), (0.378305893, -0.43932543, 0.814786977), (0.360207917, -0.512888541, 0.779227567), (0.337053765, -0.496816817, 0.799729836), (0.378305893, -0.43932543, 0.814786977), (0.32458924, -0.483416222, 0.812988673), (0.337053765, -0.496816817, 0.799729836), (0.604956698, 0.561942863, -0.564134392), (0.589121093, 0.571074727, -0.571672978), (0.592626274, 0.588941935, -0.549492035), (0.604956698, 0.561942863, -0.564134392), (0.624096787, 0.549601806, -0.555374698), (0.592626274, 0.588941935, -0.549492035), (-0.443848647, 0.633357541, 0.633921607), (-0.423075475, 0.653537912, 0.627610819), (-0.48962634, 0.640868489, 0.591230603), (-0.443848647, 0.633357541, 0.633921607), (-0.463083099, 0.615096803, 0.638130055), (-0.48962634, 0.640868489, 0.591230603), (-0.566857095, 0.587582219, 0.577425467), (-0.590784768, 0.570194175, 0.570834443), (-0.593972541, 0.575308186, 0.562331852), (-0.566857095, 0.587582219, 0.577425467), (-0.593972541, 0.575308186, 0.562331852), (-0.595085034, 0.586664937, 0.549270474), (-0.463083099, 0.615096803, 0.638130055), (-0.566857095, 0.587582219, 0.577425467), (-0.48962634, 0.640868489, 0.591230603), (-0.595085034, 0.586664937, 0.549270474), (-0.463083099, 0.615096803, 0.638130055), (-0.511624449, 0.575631928, 0.637877971), (-0.566857095, 0.587582219, 0.577425467), (-0.511624449, 0.575631928, 0.637877971), (-0.551868459, 0.554593877, 0.62278956), (-0.566857095, 0.587582219, 0.577425467), (-0.551868459, 0.554593877, 0.62278956), (-0.566857095, 0.587582219, 0.577425467), (-0.571488955, 0.570870601, 0.589497355), (-0.590784768, 0.570194175, 0.570834443), (0.624096787, 0.549601806, -0.555374698), (0.658959807, 0.584735122, -0.473135086), (0.592626274, 0.588941935, -0.549492035), (0.581429272, 0.65526102, -0.482258226), (0.624096787, 0.549601806, -0.555374698), (0.674385726, 0.513284194, -0.530794903), (0.658959807, 0.584735122, -0.473135086), (0.674385726, 0.513284194, -0.530794903), (0.764965593, 0.435860667, -0.474186799), (0.658959807, 0.584735122, -0.473135086), (0.764965593, 0.435860667, -0.474186799), (0.658959807, 0.584735122, -0.473135086), (0.774802583, 0.443250282, -0.45078836), (0.675849941, 0.629520986, -0.383314733), (0.658959807, 0.584735122, -0.473135086), (0.675849941, 0.629520986, -0.383314733), (0.626437923, 0.646652467, -0.435219617), (0.658959807, 0.584735122, -0.473135086), (0.626437923, 0.646652467, -0.435219617), (0.581429272, 0.65526102, -0.482258226), (0.626437923, 0.646652467, -0.435219617), (0.581429272, 0.65526102, -0.482258226), (0.504876167, 0.784076214, -0.361004911), (0.626437923, 0.646652467, -0.435219617), (0.675849941, 0.629520986, -0.383314733), (0.504876167, 0.784076214, -0.361004911), (-0.238909713, 0.812655808, 0.531519226), (-0.145115528, 0.867225272, 0.476300127), (-0.43932543, 0.814786977, 0.378305893), (-0.238909713, 0.812655808, 0.531519226), (-0.287474321, 0.776912768, 0.560147361), (-0.43932543, 0.814786977, 0.378305893), (-0.490596687, 0.714874686, 0.498266067), (-0.585133827, 0.654838683, 0.478335346), (-0.570817361, 0.692850759, 0.440596602), (-0.490596687, 0.714874686, 0.498266067), (-0.570817361, 0.692850759, 0.440596602), (-0.512888541, 0.779227567, 0.360207917), (-0.287474321, 0.776912768, 0.560147361), (-0.490596687, 0.714874686, 0.498266067), (-0.43932543, 0.814786977, 0.378305893), (-0.512888541, 0.779227567, 0.360207917), (-0.287474321, 0.776912768, 0.560147361), (-0.358217103, 0.716911144, 0.598096078), (-0.490596687, 0.714874686, 0.498266067), (-0.358217103, 0.716911144, 0.598096078), (-0.423075475, 0.653537912, 0.627610819), (-0.490596687, 0.714874686, 0.498266067), (-0.423075475, 0.653537912, 0.627610819), (-0.490596687, 0.714874686, 0.498266067), (-0.48962634, 0.640868489, 0.591230603), (-0.585133827, 0.654838683, 0.478335346), (-0.48962634, 0.640868489, 0.591230603), (-0.595085034, 0.586664937, 0.549270474), (-0.59730864, 0.613518694, 0.516543513), (-0.48962634, 0.640868489, 0.591230603), (-0.585133827, 0.654838683, 0.478335346), (-0.59730864, 0.613518694, 0.516543513), (0.774802583, 0.443250282, -0.45078836), (0.811459433, 0.542177966, -0.218120706), (0.736018889, 0.598647608, -0.31606524), (0.774802583, 0.443250282, -0.45078836), (0.675849941, 0.629520986, -0.383314733), (0.736018889, 0.598647608, -0.31606524), (0.675849941, 0.629520986, -0.383314733), (0.69759134, 0.664539292, -0.267869095), (0.504876167, 0.784076214, -0.361004911), (0.478923271, 0.813365281, -0.330256599), (0.675849941, 0.629520986, -0.383314733), (0.736018889, 0.598647608, -0.31606524), (0.69759134, 0.664539292, -0.267869095), (0.736018889, 0.598647608, -0.31606524), (0.811459433, 0.542177966, -0.218120706), (0.69759134, 0.664539292, -0.267869095), (0.811459433, 0.542177966, -0.218120706), (0.722479727, 0.686828532, -0.0793070743), (0.69759134, 0.664539292, -0.267869095), (0.722479727, 0.686828532, -0.0793070743), (0.69759134, 0.664539292, -0.267869095), (0.692033083, 0.721278325, -0.0291168367), (0.594061607, 0.784369648, -0.178479865), (0.69759134, 0.664539292, -0.267869095), (0.594061607, 0.784369648, -0.178479865), (0.478923271, 0.813365281, -0.330256599), (0.482190953, 0.869847365, -0.10419907), (0.269775376, 0.948720256, -0.164775976), (0.458923699, 0.831203213, -0.313831576), (0.594061607, 0.784369648, -0.178479865), (0.482190953, 0.869847365, -0.10419907), (0.478923271, 0.813365281, -0.330256599), (0.458923699, 0.831203213, -0.313831576), (0.594061607, 0.784369648, -0.178479865), (0.692033083, 0.721278325, -0.0291168367), (0.482190953, 0.869847365, -0.10419907), (0.692033083, 0.721278325, -0.0291168367), (0.531052557, 0.843049661, 0.0851495727), (0.482190953, 0.869847365, -0.10419907), (0.531052557, 0.843049661, 0.0851495727), (0.482190953, 0.869847365, -0.10419907), (0.482604656, 0.867302758, 0.121978165), (0.370101749, 0.928337305, -0.0348502863), (0.482190953, 0.869847365, -0.10419907), (0.370101749, 0.928337305, -0.0348502863), (0.269775376, 0.948720256, -0.164775976), (0.214965877, 0.975286984, 0.0510389153), (-0.00248735742, 0.99999234, -0.00302201685), (0.163357168, 0.981451525, -0.100336136), (0.370101749, 0.928337305, -0.0348502863), (0.214965877, 0.975286984, 0.0510389153), (0.269775376, 0.948720256, -0.164775976), (0.163357168, 0.981451525, -0.100336136), (0.370101749, 0.928337305, -0.0348502863), (0.482604656, 0.867302758, 0.121978165), (0.214965877, 0.975286984, 0.0510389153), (0.482604656, 0.867302758, 0.121978165), (0.318639746, 0.923708995, 0.212674409), (0.214965877, 0.975286984, 0.0510389153), (0.318639746, 0.923708995, 0.212674409), (0.214965877, 0.975286984, 0.0510389153), (0.22550466, 0.937238749, 0.265953334), (0.11110348, 0.984829464, 0.1332927), (0.214965877, 0.975286984, 0.0510389153), (0.11110348, 0.984829464, 0.1332927), (-0.00248735742, 0.99999234, -0.00302201685), (-0.019087518, 0.976575645, 0.214326099), (-0.274597876, 0.948364737, 0.158746122), (-0.126947035, 0.98953152, 0.0686427021), (0.11110348, 0.984829464, 0.1332927), (-0.019087518, 0.976575645, 0.214326099), (-0.00248735742, 0.99999234, -0.00302201685), (-0.126947035, 0.98953152, 0.0686427021), (0.11110348, 0.984829464, 0.1332927), (0.22550466, 0.937238749, 0.265953334), (-0.019087518, 0.976575645, 0.214326099), (0.22550466, 0.937238749, 0.265953334), (0.106442485, 0.937547308, 0.331172224), (-0.019087518, 0.976575645, 0.214326099), (0.106442485, 0.937547308, 0.331172224), (-0.019087518, 0.976575645, 0.214326099), (-0.0456438845, 0.907575782, 0.41740009), (-0.102539522, 0.928300183, 0.35741351), (-0.019087518, 0.976575645, 0.214326099), (-0.102539522, 0.928300183, 0.35741351), (-0.274597876, 0.948364737, 0.158746122), (-0.144809305, 0.906670141, 0.396206412), (-0.483416222, 0.812988673, 0.32458924), (-0.354714742, 0.910532134, 0.212388054), (-0.102539522, 0.928300183, 0.35741351), (-0.144809305, 0.906670141, 0.396206412), (-0.274597876, 0.948364737, 0.158746122), (-0.354714742, 0.910532134, 0.212388054), (-0.102539522, 0.928300183, 0.35741351), (-0.0456438845, 0.907575782, 0.41740009), (-0.144809305, 0.906670141, 0.396206412), (-0.0456438845, 0.907575782, 0.41740009), (-0.0842217576, 0.894216646, 0.43963995), (-0.144809305, 0.906670141, 0.396206412), (-0.0842217576, 0.894216646, 0.43963995), (-0.145115528, 0.867225272, 0.476300127), (-0.144809305, 0.906670141, 0.396206412), (-0.145115528, 0.867225272, 0.476300127), (-0.144809305, 0.906670141, 0.396206412), (-0.43932543, 0.814786977, 0.378305893), (-0.483416222, 0.812988673, 0.32458924), (-0.43932543, 0.814786977, 0.378305893), (-0.512888541, 0.779227567, 0.360207917), (-0.496816817, 0.799729836, 0.337053765), (-0.43932543, 0.814786977, 0.378305893), (-0.483416222, 0.812988673, 0.32458924), (-0.496816817, 0.799729836, 0.337053765), (0.767420016, -0.43690644, 0.469232652), (0.62278956, -0.551868459, 0.554593877), (0.637877971, -0.511624449, 0.575631928), (0.767420016, -0.43690644, 0.469232652), (0.638130055, -0.463083099, 0.615096803), (0.637877971, -0.511624449, 0.575631928), (0.637877971, -0.511624449, 0.575631928), (0.62278956, -0.551868459, 0.554593877), (0.577425467, -0.566857095, 0.587582219), (0.62278956, -0.551868459, 0.554593877), (0.577425467, -0.566857095, 0.587582219), (0.589497355, -0.571488955, 0.570870601), (0.570834443, -0.590784768, 0.570194175), (0.577425467, -0.566857095, 0.587582219), (0.570834443, -0.590784768, 0.570194175), (0.562331852, -0.593972541, 0.575308186), (0.577425467, -0.566857095, 0.587582219), (0.562331852, -0.593972541, 0.575308186), (0.549270474, -0.595085034, 0.586664937), (0.638130055, -0.463083099, 0.615096803), (0.577425467, -0.566857095, 0.587582219), (0.591230603, -0.48962634, 0.640868489), (0.549270474, -0.595085034, 0.586664937), (0.638130055, -0.463083099, 0.615096803), (0.637877971, -0.511624449, 0.575631928), (0.577425467, -0.566857095, 0.587582219), (0.591230603, -0.48962634, 0.640868489), (0.549270474, -0.595085034, 0.586664937), (0.516543513, -0.59730864, 0.613518694), (0.591230603, -0.48962634, 0.640868489), (0.478335346, -0.585133827, 0.654838683), (0.516543513, -0.59730864, 0.613518694), (-0.577350269, -0.577350269, -0.577350269), (-0.591213346, -0.57062245, -0.569962103), (-0.582802964, -0.571730914, -0.577463823), (-0.577350269, -0.577350269, -0.577350269), (-0.582802964, -0.571730914, -0.577463823), (-0.569962103, -0.591213346, -0.57062245), (-0.577350269, -0.577350269, -0.577350269), (-0.569962103, -0.591213346, -0.57062245), (-0.577463823, -0.582802964, -0.571730914), (-0.577350269, -0.577350269, -0.577350269), (-0.577463823, -0.582802964, -0.571730914), (-0.57062245, -0.569962103, -0.591213346), (-0.577350269, -0.577350269, -0.577350269), (-0.57062245, -0.569962103, -0.591213346), (-0.571730914, -0.577463823, -0.582802964), (-0.577350269, -0.577350269, -0.577350269), (-0.571730914, -0.577463823, -0.582802964), (-0.591213346, -0.57062245, -0.569962103)] (
                    interpolation = "vertex"
                )
                custom string ugts:assetId = "gyroid_asset"
                custom string ugts:contentHash = "d353641eed53dc2c80fbaa10d497a04bbac9b06c62a670e311a191b6775b9706"
            }
        }
        def Xform "sculpture"
        {
            matrix4d xformOp:transform = ((1.65625, -0.214558075, -0.116340642, 0.325), (0.1875, 1.62938842, -0.335665748, 0.8), (0.15625, 0.31904949, 1.6360097, 0.225), (0, 0, 0, 1))
            uniform token[] xformOpOrder = ["xformOp:transform"]
            custom string ugts:nodeId = "sculpture"
            custom bool ugts:visible = true
            custom string[] ugts:lineage = ["two_hands:transform:0001"]
            def Mesh "Geometry"
            {
                point3f[] points = [(1.08118985, -0.0618636438, 0.0492451304), (1.11984559, -0.0275564313, 0.0398401474), (1.13182268, 0.0172764014, 0.0152175822), (1.11254629, 0.0555102359, -0.0152175822), (1.06937935, 0.0725410471, -0.0398401474), (1.01881015, 0.0618636438, -0.0492451304), (0.980154415, 0.0275564313, -0.0398401474), (0.968177319, -0.0172764014, -0.0152175822), (0.987453706, -0.0555102359, 0.0152175822), (1.03062065, -0.0725410471, 0.0398401474), (1.03789144, 0.0234960597, 0.183840927), (1.07524262, 0.0599713126, 0.177997192), (1.08673893, 0.105697416, 0.154831209), (1.06798916, 0.143208554, 0.123191596), (1.02615509, 0.158176745, 0.0951636097), (0.977215907, 0.144884651, 0.0814529879), (0.939864721, 0.108409398, 0.0872967225), (0.928368413, 0.0626832938, 0.110462705), (0.947118183, 0.0251721563, 0.142102319), (0.988952256, 0.0102039648, 0.170130305), (0.967465634, 0.0950759425, 0.302757241), (1.00130798, 0.135250722, 0.303379415), (1.01073249, 0.18318429, 0.284059576), (0.992139324, 0.220567651, 0.252177248), (0.952630436, 0.233121633, 0.219910396), (0.90729688, 0.216051041, 0.19958386), (0.873454534, 0.175876261, 0.198961687), (0.864030023, 0.127942694, 0.218281525), (0.88262319, 0.0905593328, 0.250163853), (0.922132078, 0.0780053507, 0.282430706), (0.897068185, 0.140415794, 0.402393792), (0.925900433, 0.183712884, 0.409726449), (0.930357633, 0.234473825, 0.396952855), (0.908737287, 0.273309662, 0.36895209), (0.869297632, 0.285386424, 0.336419493), (0.827103276, 0.266091201, 0.311781411), (0.798271028, 0.22279411, 0.304448754), (0.793813828, 0.172033169, 0.317222348), (0.815434174, 0.133197333, 0.345223113), (0.854873829, 0.12112057, 0.37775571), (0.833712792, 0.156078495, 0.488697423), (0.855306607, 0.201218347, 0.50469134), (0.851455248, 0.253532152, 0.501838749), (0.823629804, 0.293037814, 0.481229244), (0.782458648, 0.304645515, 0.450734955), (0.743667762, 0.283921505, 0.422003664), (0.722073947, 0.238781653, 0.406009748), (0.725925306, 0.186467848, 0.408862338), (0.75375075, 0.146962186, 0.429471843), (0.794921906, 0.135354485, 0.459966132), (0.774298174, 0.142570083, 0.571414675), (0.788426135, 0.186631644, 0.596288034), (0.775776521, 0.237042188, 0.603934521), (0.741181053, 0.2745466, 0.591433437), (0.697854024, 0.28481947, 0.563559772), (0.662344888, 0.263936911, 0.530960319), (0.648216927, 0.21987535, 0.50608696), (0.660866541, 0.169464806, 0.498440473), (0.695462009, 0.131960394, 0.510941556), (0.738789038, 0.121687524, 0.538815221), (0.711851161, 0.0996102966, 0.660345882), (0.720989817, 0.140923646, 0.691481015), (0.70259163, 0.18782892, 0.706350665), (0.663684082, 0.222409896, 0.69927513), (0.619128534, 0.231457818, 0.672957025), (0.585943691, 0.211516687, 0.63744897), (0.576805035, 0.170203337, 0.606313837), (0.595203222, 0.123298064, 0.591444187), (0.63411077, 0.0887170877, 0.598519722), (0.678666318, 0.0796691656, 0.624837827), (0.641492713, 0.0304463297, 0.7593159), (0.648148348, 0.0695981371, 0.793704022), (0.627314835, 0.114323676, 0.811739969), (0.58694987, 0.14753931, 0.806534623), (0.542471496, 0.156557797, 0.780076248), (0.510868941, 0.137934381, 0.742471046), (0.504213306, 0.0987825731, 0.708082924), (0.525046818, 0.0540570344, 0.690046976), (0.565411783, 0.0208414, 0.695252322), (0.609890157, 0.0118229133, 0.721710697), (0.557726614, -0.0554767878, 0.86643519), (0.563119094, -0.017622238, 0.902458219), (0.542181271, 0.0269634078, 0.920718345), (0.502910681, 0.0612499482, 0.914240819), (0.460307355, 0.0721410902, 0.885499837), (0.430644315, 0.0554767878, 0.845473476), (0.425251835, 0.017622238, 0.809450447), (0.446189658, -0.0269634078, 0.791190321), (0.485460248, -0.0612499482, 0.797667847), (0.528063574, -0.0721410902, 0.826408829), (0.450264967, -0.146961722, 0.97185369), (0.452538424, -0.112331993, 1.01129121), (0.433034197, -0.0669531146, 1.02918106), (0.39920224, -0.0281582764, 1.01868994), (0.363965208, -0.0107657877, 0.9838251), (0.340782451, -0.0214189882, 0.937903716), (0.338508994, -0.0560487173, 0.898466199), (0.358013221, -0.101427596, 0.880576342), (0.391845179, -0.140222434, 0.891067461), (0.42708221, -0.157614923, 0.925932306), (0.305387575, -0.22987024, 1.02576444), (0.298786694, -0.202419601, 1.07006562), (0.28097087, -0.157071521, 1.08970875), (0.25874514, -0.111147425, 1.07719081), (0.240598979, -0.0821887573, 1.03729323), (0.233463603, -0.081256744, 0.985255535), (0.240064483, -0.108707383, 0.940954347), (0.257880307, -0.154055463, 0.921311219), (0.280106037, -0.199979558, 0.933829158), (0.298252198, -0.228938226, 0.973726737), (0.146520608, -0.284940641, 1.00605143), (0.132353851, -0.261578003, 1.05092006), (0.117372303, -0.215937386, 1.07218487), (0.107298406, -0.165451955, 1.0617234), (0.105980046, -0.129405428, 1.02353159), (0.113920792, -0.121566354, 0.972197412), (0.128087549, -0.144928992, 0.927328775), (0.143069097, -0.190569608, 0.906063974), (0.153142994, -0.241055039, 0.91652544), (0.154461354, -0.277101566, 0.954717249), (-0.00340664577, -0.304162162, 0.965400625), (-0.0169117182, -0.281090999, 1.01062273), (-0.0239570891, -0.234685151, 1.03421435), (-0.0218516663, -0.182670074, 1.02716428), (-0.0113996496, -0.144913761, 0.992165418), (0.00340664577, -0.135837838, 0.942586131), (0.0169117182, -0.158909001, 0.897364025), (0.0239570891, -0.205314849, 0.873772407), (0.0218516663, -0.257329926, 0.880822473), (0.0113996496, -0.295086239, 0.915821338), (-0.144375398, -0.284642526, 0.919237567), (-0.153729378, -0.262101056, 0.965757344), (-0.1503406, -0.217081819, 0.992617889), (-0.135503462, -0.166780632, 0.989559387), (-0.114885247, -0.130410841, 0.957750082), (-0.0963614115, -0.121864468, 0.909340047), (-0.0870074316, -0.144405938, 0.86282027), (-0.0903962096, -0.189425176, 0.835959725), (-0.105233347, -0.239726362, 0.839018227), (-0.125851563, -0.276096153, 0.870827532), (-0.274095801, -0.230838008, 0.875697004), (-0.278973523, -0.209883777, 0.923622284), (-0.266907782, -0.168181042, 0.953202755), (-0.242507281, -0.121658833, 0.953139684), (-0.215092182, -0.0880870503, 0.92345716), (-0.19513412, -0.0802889753, 0.8754929), (-0.190256398, -0.101243207, 0.827567621), (-0.202322138, -0.142945941, 0.79798715), (-0.226722639, -0.189468151, 0.798050221), (-0.254137739, -0.223039933, 0.827732744), (-0.39481399, -0.15481452, 0.836828548), (-0.397034695, -0.13536384, 0.885577332), (-0.380361404, -0.0963666273, 0.916576094), (-0.351162747, -0.0527184927, 0.91798436), (-0.320591619, -0.0210915399, 0.889264221), (-0.300325151, -0.0135661899, 0.841385793), (-0.298104445, -0.0330168705, 0.792637009), (-0.314777736, -0.072014083, 0.761638248), (-0.343976393, -0.115662218, 0.760229982), (-0.374547522, -0.14728917, 0.788950121), (-0.512154762, -0.0697609424, 0.800417705), (-0.514101398, -0.0504997204, 0.849253352), (-0.49678302, -0.0119493216, 0.880456636), (-0.46681466, 0.0311653119, 0.882108964), (-0.435643212, 0.0623758556, 0.853579203), (-0.415175111, 0.0697609424, 0.805764752), (-0.413228476, 0.0504997204, 0.756929105), (-0.430546854, 0.0119493216, 0.725725821), (-0.460515214, -0.0311653119, 0.724073493), (-0.491686661, -0.0623758556, 0.752603254), (-0.630400572, 0.0119485576, 0.761919173), (-0.634828859, 0.0329385757, 0.80987242), (-0.620464598, 0.0735050317, 0.840001062), (-0.592794448, 0.118152918, 0.840796983), (-0.562387466, 0.14982826, 0.811956168), (-0.540858086, 0.156432153, 0.764494828), (-0.536429799, 0.135442134, 0.716541581), (-0.55079406, 0.0948756786, 0.686412939), (-0.57846421, 0.0502277923, 0.685617018), (-0.608871192, 0.0185524506, 0.714457833), (-0.750144167, 0.0796062712, 0.714316847), (-0.761079146, 0.104589228, 0.759216541), (-0.753290462, 0.149042621, 0.786104022), (-0.729753125, 0.195986765, 0.784709187), (-0.6994576, 0.227490593, 0.755564816), (-0.673975746, 0.231520713, 0.709803066), (-0.663040767, 0.206537756, 0.664903372), (-0.670829451, 0.162084363, 0.638015891), (-0.694366788, 0.115140219, 0.639410726), (-0.724662313, 0.083636391, 0.668555097), (-0.865529068, 0.126003863, 0.643172483), (-0.891145602, 0.157960765, 0.676070113), (-0.893619031, 0.207217951, 0.694161996), (-0.87200459, 0.254960851, 0.690537646), (-0.83455826, 0.282953298, 0.666581442), (-0.795583267, 0.280503131, 0.631443841), (-0.769966733, 0.248546229, 0.598546211), (-0.767493304, 0.199289043, 0.580454329), (-0.789107745, 0.151546144, 0.584078679), (-0.826554075, 0.123553696, 0.608034882), (-0.921794752, 0.142670438, 0.522185358), (-0.959050894, 0.178179969, 0.532709498), (-0.969105771, 0.229663331, 0.535549807), (-0.948118764, 0.277455628, 0.529621382), (-0.904106194, 0.303301829, 0.517188682), (-0.853879368, 0.297329562, 0.503000573), (-0.816623226, 0.261820031, 0.492476433), (-0.806568348, 0.210336669, 0.489636124), (-0.827555356, 0.162544372, 0.495564549), (-0.871567926, 0.136698171, 0.507997249), (-0.938183736, 0.127846578, 0.395224503), (-0.977585149, 0.162179627, 0.389888322), (-0.989156105, 0.212201498, 0.378769426), (-0.968476892, 0.258805537, 0.366114856), (-0.923446266, 0.284190584, 0.356758227), (-0.871264396, 0.278660416, 0.354273454), (-0.831862982, 0.244327367, 0.359609635), (-0.820292026, 0.194305496, 0.37072853), (-0.84097124, 0.147701458, 0.3833831), (-0.886001866, 0.12231641, 0.392739729), (-0.941319008, 0.0849487732, 0.276246488), (-0.980694571, 0.116544946, 0.261722325), (-0.992110605, 0.163044876, 0.240109018), (-0.971206572, 0.206687173, 0.219662116), (-0.925967102, 0.23080196, 0.20819164), (-0.873672135, 0.226178211, 0.210078923), (-0.834296572, 0.194582038, 0.224603086), (-0.822880538, 0.148082107, 0.246216393), (-0.843784571, 0.104439811, 0.266663295), (-0.889024041, 0.0803250232, 0.278133771), (-0.940170621, 0.0184639686, 0.160989488), (-0.979403681, 0.0477134004, 0.141886028), (-0.990611108, 0.090895789, 0.11414834), (-0.969512046, 0.13151693, 0.0883712786), (-0.924165619, 0.154060928, 0.0744008043), (-0.871892621, 0.149916742, 0.0775731637), (-0.832659561, 0.12066731, 0.0966766235), (-0.821452134, 0.0774849212, 0.124414311), (-0.842551197, 0.0368637804, 0.150191373), (-0.887897624, 0.0143197825, 0.164161847), (-0.93924509, -0.0635848606, 0.0448790451), (-0.978464528, -0.0350304669, 0.0247249721), (-0.98965031, 0.00690437458, -0.00487319992), (-0.968529847, 0.0462019796, -0.0326099752), (-0.923170438, 0.0678519988, -0.0478908483), (-0.870897835, 0.0635848606, -0.0448790451), (-0.831678396, 0.0350304669, -0.0247249721), (-0.820492614, -0.00690437458, 0.00487319992), (-0.841613078, -0.0462019796, 0.0326099752), (-0.886972487, -0.0678519988, 0.0478908483), (-0.940257599, -0.149575171, -0.0771101476), (-0.979451592, -0.119933896, -0.0956824437), (-0.990601651, -0.0766398028, -0.123268711), (-0.969448833, -0.0362297642, -0.149331932), (-0.924072796, -0.0141390412, -0.163916843), (-0.871805643, -0.0188055392, -0.161452504), (-0.832611651, -0.0484468145, -0.142880208), (-0.821461591, -0.0917409075, -0.115293941), (-0.842614409, -0.132150946, -0.0892307194), (-0.887990446, -0.154241669, -0.0746458082), (-0.941948874, -0.226061634, -0.210482714), (-0.981041776, -0.194331485, -0.225470942), (-0.992042528, -0.147793279, -0.247216823), (-0.970749217, -0.104223031, -0.267414168), (-0.925295162, -0.0802630937, -0.278348279), (-0.873042269, -0.0850653493, -0.275842697), (-0.833949367, -0.116795499, -0.260854469), (-0.822948615, -0.163333705, -0.239108588), (-0.844241926, -0.206903953, -0.218911243), (-0.889695981, -0.23086389, -0.207977132), (-0.938669867, -0.279567661, -0.358974602), (-0.977854656, -0.246292345, -0.369791723), (-0.989106044, -0.196577652, -0.382502347), (-0.968126385, -0.149412905, -0.392251448), (-0.922929195, -0.122813434, -0.3953152), (-0.870778264, -0.126939333, -0.390523354), (-0.831593475, -0.160214649, -0.379706233), (-0.820342087, -0.209929343, -0.366995609), (-0.841321746, -0.25709409, -0.357246508), (-0.886518936, -0.28369356, -0.354182756), (-0.916348438, -0.299669541, -0.520646879), (-0.955968343, -0.267039649, -0.531838737), (-0.969564413, -0.216442209, -0.535679364), (-0.951943413, -0.167203725, -0.530701772), (-0.909835964, -0.138131623, -0.518807231), (-0.859325682, -0.140330459, -0.504539052), (-0.819705777, -0.172960351, -0.493347194), (-0.806109706, -0.223557791, -0.489506567), (-0.823730707, -0.272796275, -0.494484159), (-0.865838156, -0.301868377, -0.5063787), (-0.839646678, -0.281002757, -0.67043542), (-0.875818826, -0.249746464, -0.692214407), (-0.894702177, -0.200731438, -0.693021075), (-0.889083932, -0.152679753, -0.672547304), (-0.861110071, -0.123945519, -0.638613378), (-0.821465656, -0.125504237, -0.604180904), (-0.785293508, -0.156760531, -0.582401917), (-0.766410158, -0.205775557, -0.581595249), (-0.772028402, -0.253827242, -0.602069021), (-0.800002264, -0.282561475, -0.636002947), (-0.700778786, -0.226624313, -0.757315839), (-0.731016759, -0.194119849, -0.785401943), (-0.754013879, -0.146888167, -0.7854739), (-0.760986026, -0.102970165, -0.757504226), (-0.749270078, -0.0791410257, -0.712176386), (-0.723341127, -0.084502671, -0.666804074), (-0.693103154, -0.117007135, -0.63871797), (-0.670106034, -0.164238816, -0.638646013), (-0.663133887, -0.208156819, -0.666615687), (-0.674849835, -0.231985958, -0.711943527), (-0.563165794, -0.149247141, -0.813086899), (-0.593659704, -0.117009154, -0.841203408), (-0.621086284, -0.0722355015, -0.83952794), (-0.634969512, -0.0320281967, -0.808700468), (-0.630006467, -0.0117450635, -0.760496037), (-0.608092864, -0.0191335693, -0.713327103), (-0.577598954, -0.0513715562, -0.685210593), (-0.550172374, -0.0961452088, -0.686886061), (-0.536289146, -0.136352514, -0.717713533), (-0.541252191, -0.156635647, -0.765917964), (-0.436357885, -0.0618362784, -0.854623738), (-0.467656054, -0.0301378793, -0.882468676), (-0.497429751, 0.0130721654, -0.879994127), (-0.514306438, 0.0512890872, -0.848145284), (-0.511839792, 0.0699153209, -0.799087323), (-0.490971989, 0.0618362784, -0.751558718), (-0.45967382, 0.0301378793, -0.723713781), (-0.429900122, -0.0130721654, -0.72618833), (-0.413023436, -0.0512890872, -0.758037173), (-0.415490082, -0.0699153209, -0.807095133), (-0.321298199, 0.0216413014, -0.890316847), (-0.351988808, 0.0537636039, -0.918351623), (-0.380991418, 0.0975078912, -0.916117711), (-0.397228018, 0.136165332, -0.884468391), (-0.394496779, 0.154970099, -0.835492626), (-0.373840942, 0.146739409, -0.787897495), (-0.343150333, 0.114617106, -0.759862719), (-0.314147723, 0.070872819, -0.76209663), (-0.297911122, 0.0322153779, -0.793745951), (-0.300642361, 0.0134106114, -0.842721715), (-0.215782295, 0.0886970437, -0.924576672), (-0.243257856, 0.122825739, -0.953559944), (-0.267432125, 0.169459144, -0.95276324), (-0.279071353, 0.210784881, -0.922490872), (-0.273729749, 0.231017925, -0.874305858), (-0.253447626, 0.22242994, -0.826613233), (-0.225972065, 0.188301244, -0.797629961), (-0.201797796, 0.14166784, -0.798426665), (-0.190158568, 0.100342102, -0.828699032), (-0.195500171, 0.0801090585, -0.876884047), (-0.115639114, 0.131292913, -0.959281118), (-0.136181191, 0.16845611, -0.990210462), (-0.150683321, 0.218910726, -0.992140313), (-0.153606183, 0.263384813, -0.964333536), (-0.143833344, 0.284890782, -0.917411373), (-0.125097696, 0.275214082, -0.869296496), (-0.104555619, 0.238050885, -0.838367152), (-0.0900534894, 0.187596268, -0.8364373), (-0.0871306267, 0.143122181, -0.864244078), (-0.0969034657, 0.121616213, -0.911166241), (-0.0122076925, 0.146481443, -0.994871172), (-0.0222417098, 0.185598164, -1.02847035), (-0.0237801499, 0.237855217, -1.03362186), (-0.0162353811, 0.283292184, -1.008358), (-0.00248924845, 0.304553688, -0.962328695), (0.0122076925, 0.293518557, -0.913115584), (0.0222417098, 0.254401836, -0.879516402), (0.0237801499, 0.202144783, -0.874364892), (0.0162353811, 0.156707816, -0.899628758), (0.00248924845, 0.135446312, -0.945658061), (0.105680717, 0.13182861, -1.02812794), (0.107934473, 0.170027794, -1.06412026), (0.118700811, 0.220918068, -1.07146672), (0.133867355, 0.265061076, -1.04736122), (0.147641001, 0.285595689, -1.00101124), (0.154760684, 0.274678384, -0.950120898), (0.152506927, 0.2364792, -0.914128575), (0.141740589, 0.185588926, -0.906782115), (0.126574046, 0.141445919, -0.930887617), (0.1128004, 0.120911305, -0.977237599), (0.24284066, 0.085027527, -1.04479), (0.262155355, 0.117590754, -1.08120817), (0.284247031, 0.164658276, -1.08871221), (0.300677421, 0.2082519, -1.06443583), (0.305170672, 0.231720343, -1.01765178), (0.296010517, 0.226099457, -0.966229975), (0.276695823, 0.19353623, -0.929811803), (0.254604146, 0.146468707, -0.922307764), (0.238173757, 0.102875084, -0.946584145), (0.233680505, 0.0794066411, -0.993368195), (0.370955549, 0.0122097261, -0.992828598), (0.407092357, 0.0351160914, -1.0233103), (0.438810335, 0.0767671575, -1.02765345), (0.453994293, 0.121253633, -1.00419913), (0.446844475, 0.151583196, -0.961906076), (0.420091869, 0.156170984, -0.916928808), (0.383955061, 0.133264619, -0.886447109), (0.352237083, 0.0916135527, -0.882103953), (0.337053125, 0.0471270774, -0.905558278), (0.344202943, 0.0167975145, -0.947851329), (0.469721982, -0.0720784196, -0.893786058), (0.513064145, -0.0549281412, -0.918014745), (0.549195294, -0.0167971799, -0.918538464), (0.564314558, 0.0277497333, -0.895157172), (0.552646892, 0.0616971915, -0.856801728), (0.518648948, 0.0720784196, -0.818122608), (0.475306784, 0.0549281412, -0.793893921), (0.439175635, 0.0167971799, -0.793370202), (0.424056371, -0.0277497333, -0.816751494), (0.435724037, -0.0616971915, -0.855106938), (0.552403446, -0.156970734, -0.787807598), (0.597494948, -0.141535997, -0.809903519), (0.63444518, -0.104197174, -0.809459609), (0.64914041, -0.0592164262, -0.786645425), (0.635967559, -0.0237748705, -0.75017521), (0.599958208, -0.0114099765, -0.713979348), (0.554866706, -0.0268447134, -0.691883426), (0.517916473, -0.0641835363, -0.692327337), (0.503221243, -0.109164284, -0.715141521), (0.516394095, -0.14460584, -0.751611735), (0.629032446, -0.231999344, -0.680328987), (0.673822968, -0.216321752, -0.702861777), (0.70909278, -0.177436569, -0.70478202), (0.721370013, -0.130196614, -0.685356247), (0.705965181, -0.0926459443, -0.652004443), (0.668762406, -0.0791276393, -0.617465865), (0.623971884, -0.094805232, -0.594933075), (0.588702072, -0.133690415, -0.593012832), (0.576424839, -0.18093037, -0.612438605), (0.591829671, -0.218481039, -0.645790408), (0.707256381, -0.285286123, -0.57050616), (0.750066282, -0.268290652, -0.595768202), (0.780750768, -0.226453199, -0.604001929), (0.787589407, -0.175754248, -0.592062339), (0.767970071, -0.135559075, -0.564509948), (0.729386681, -0.121220871, -0.531868833), (0.68657678, -0.138216342, -0.506606792), (0.655892294, -0.180053796, -0.498373064), (0.649053655, -0.230752747, -0.510312655), (0.668672991, -0.270947919, -0.537865046), (0.790859512, -0.304957124, -0.456957234), (0.83057343, -0.28714506, -0.486372188), (0.854289407, -0.243685865, -0.503937929), (0.852948746, -0.191179475, -0.50294494), (0.827063534, -0.149681546, -0.483772509), (0.786521042, -0.135042876, -0.453743854), (0.746807124, -0.15285494, -0.424328899), (0.723091147, -0.196314135, -0.406763159), (0.724431808, -0.248820525, -0.407756148), (0.75031702, -0.290318454, -0.426928578), (0.876700099, -0.285571388, -0.341751855), (0.914036394, -0.268263372, -0.374403626), (0.931529301, -0.226123794, -0.400441264), (0.922497124, -0.17524854, -0.409919276), (0.890389849, -0.135070228, -0.399217385), (0.847471362, -0.120935607, -0.372423348), (0.810135067, -0.138243622, -0.339771577), (0.79264216, -0.1803832, -0.313733939), (0.801674337, -0.231258454, -0.304255927), (0.833781612, -0.271436767, -0.314957818), (0.95950252, -0.23313153, -0.224359187), (0.996639957, -0.216179708, -0.257422021), (1.01114258, -0.176074551, -0.288097005), (0.997470892, -0.128134867, -0.304667339), (0.960847001, -0.0906719859, -0.300803718), (0.915259994, -0.077995454, -0.277981914), (0.878122557, -0.0949472761, -0.244919081), (0.86361993, -0.135052432, -0.214244096), (0.877291623, -0.182992116, -0.197673762), (0.913915513, -0.220454998, -0.201537383), (1.03301841, -0.157749316, -0.098505684), (1.07237561, -0.138958356, -0.127790749), (1.08697303, -0.0992478813, -0.15893072), (1.07123496, -0.0537859433, -0.180031187), (1.0311728, -0.0199374571, -0.183032489), (0.982088938, -0.0106313941, -0.166788231), (0.942731737, -0.029422354, -0.137503166), (0.928134312, -0.0691328289, -0.106363195), (0.943872384, -0.114594767, -0.0852627275), (0.983934543, -0.148443253, -0.0822614254), (1.07642313, -0.0717684957, 0.0370958413), (1.11704023, -0.0510899103, 0.0109739874), (1.13205025, -0.0108967156, -0.0193395567), (1.11571986, 0.033458654, -0.0422660474), (1.07428672, 0.0650339551, -0.0490483446), (1.02357687, 0.0717684957, -0.0370958413), (0.982959768, 0.0510899103, -0.0109739874), (0.967949752, 0.0108967156, 0.0193395567), (0.984280142, -0.033458654, 0.0422660474), (1.02571328, -0.0650339551, 0.0490483446)]
                int[] faceVertexCounts = [3, 3, 3, 3, 3, 3, 3, 3, 3, 3, 3, 3, 3, 3, 3, 3, 3, 3, 3, 3, 3, 3, 3, 3, 3, 3, 3, 3, 3, 3, 3, 3, 3, 3, 3, 3, 3, 3, 3, 3, 3, 3, 3, 3, 3, 3, 3, 3, 3, 3, 3, 3, 3, 3, 3, 3, 3, 3, 3, 3, 3, 3, 3, 3, 3, 3, 3, 3, 3, 3, 3, 3, 3, 3, 3, 3, 3, 3, 3, 3, 3, 3, 3, 3, 3, 3, 3, 3, 3, 3, 3, 3, 3, 3, 3, 3, 3, 3, 3, 3, 3, 3, 3, 3, 3, 3, 3, 3, 3, 3, 3, 3, 3, 3, 3, 3, 3, 3, 3, 3, 3, 3, 3, 3, 3, 3, 3, 3, 3, 3, 3, 3, 3, 3, 3, 3, 3, 3, 3, 3, 3, 3, 3, 3, 3, 3, 3, 3, 3, 3, 3, 3, 3, 3, 3, 3, 3, 3, 3, 3, 3, 3, 3, 3, 3, 3, 3, 3, 3, 3, 3, 3, 3, 3, 3, 3, 3, 3, 3, 3, 3, 3, 3, 3, 3, 3, 3, 3, 3, 3, 3, 3, 3, 3, 3, 3, 3, 3, 3, 3, 3, 3, 3, 3, 3, 3, 3, 3, 3, 3, 3, 3, 3, 3, 3, 3, 3, 3, 3, 3, 3, 3, 3, 3, 3, 3, 3, 3, 3, 3, 3, 3, 3, 3, 3, 3, 3, 3, 3, 3, 3, 3, 3, 3, 3, 3, 3, 3, 3, 3, 3, 3, 3, 3, 3, 3, 3, 3, 3, 3, 3, 3, 3, 3, 3, 3, 3, 3, 3, 3, 3, 3, 3, 3, 3, 3, 3, 3, 3, 3, 3, 3, 3, 3, 3, 3, 3, 3, 3, 3, 3, 3, 3, 3, 3, 3, 3, 3, 3, 3, 3, 3, 3, 3, 3, 3, 3, 3, 3, 3, 3, 3, 3, 3, 3, 3, 3, 3, 3, 3, 3, 3, 3, 3, 3, 3, 3, 3, 3, 3, 3, 3, 3, 3, 3, 3, 3, 3, 3, 3, 3, 3, 3, 3, 3, 3, 3, 3, 3, 3, 3, 3, 3, 3, 3, 3, 3, 3, 3, 3, 3, 3, 3, 3, 3, 3, 3, 3, 3, 3, 3, 3, 3, 3, 3, 3, 3, 3, 3, 3, 3, 3, 3, 3, 3, 3, 3, 3, 3, 3, 3, 3, 3, 3, 3, 3, 3, 3, 3, 3, 3, 3, 3, 3, 3, 3, 3, 3, 3, 3, 3, 3, 3, 3, 3, 3, 3, 3, 3, 3, 3, 3, 3, 3, 3, 3, 3, 3, 3, 3, 3, 3, 3, 3, 3, 3, 3, 3, 3, 3, 3, 3, 3, 3, 3, 3, 3, 3, 3, 3, 3, 3, 3, 3, 3, 3, 3, 3, 3, 3, 3, 3, 3, 3, 3, 3, 3, 3, 3, 3, 3, 3, 3, 3, 3, 3, 3, 3, 3, 3, 3, 3, 3, 3, 3, 3, 3, 3, 3, 3, 3, 3, 3, 3, 3, 3, 3, 3, 3, 3, 3, 3, 3, 3, 3, 3, 3, 3, 3, 3, 3, 3, 3, 3, 3, 3, 3, 3, 3, 3, 3, 3, 3, 3, 3, 3, 3, 3, 3, 3, 3, 3, 3, 3, 3, 3, 3, 3, 3, 3, 3, 3, 3, 3, 3, 3, 3, 3, 3, 3, 3, 3, 3, 3, 3, 3, 3, 3, 3, 3, 3, 3, 3, 3, 3, 3, 3, 3, 3, 3, 3, 3, 3, 3, 3, 3, 3, 3, 3, 3, 3, 3, 3, 3, 3, 3, 3, 3, 3, 3, 3, 3, 3, 3, 3, 3, 3, 3, 3, 3, 3, 3, 3, 3, 3, 3, 3, 3, 3, 3, 3, 3, 3, 3, 3, 3, 3, 3, 3, 3, 3, 3, 3, 3, 3, 3, 3, 3, 3, 3, 3, 3, 3, 3, 3, 3, 3, 3, 3, 3, 3, 3, 3, 3, 3, 3, 3, 3, 3, 3, 3, 3, 3, 3, 3, 3, 3, 3, 3, 3, 3, 3, 3, 3, 3, 3, 3, 3, 3, 3, 3, 3, 3, 3, 3, 3, 3, 3, 3, 3, 3, 3, 3, 3, 3, 3, 3, 3, 3, 3, 3, 3, 3, 3, 3, 3, 3, 3, 3, 3, 3, 3, 3, 3, 3, 3, 3, 3, 3, 3, 3, 3, 3, 3, 3, 3, 3, 3, 3, 3, 3, 3, 3, 3, 3, 3, 3, 3, 3, 3, 3, 3, 3, 3, 3, 3, 3, 3, 3, 3, 3, 3, 3, 3, 3, 3, 3, 3, 3, 3, 3, 3, 3, 3, 3, 3, 3, 3, 3, 3, 3, 3, 3, 3, 3, 3, 3, 3, 3, 3, 3, 3, 3, 3, 3, 3, 3, 3, 3, 3, 3, 3, 3, 3, 3, 3, 3, 3, 3, 3, 3, 3, 3, 3, 3, 3, 3, 3, 3, 3, 3, 3, 3, 3, 3, 3, 3, 3, 3, 3, 3, 3, 3, 3, 3, 3, 3, 3, 3, 3, 3, 3, 3, 3, 3, 3, 3, 3, 3, 3, 3, 3, 3, 3, 3, 3, 3, 3, 3, 3, 3, 3, 3, 3, 3, 3, 3, 3, 3, 3, 3, 3, 3, 3, 3, 3, 3, 3, 3, 3, 3, 3, 3, 3, 3, 3, 3, 3, 3, 3, 3, 3, 3, 3, 3, 3, 3, 3, 3, 3, 3, 3, 3, 3, 3, 3, 3, 3, 3, 3, 3, 3, 3, 3, 3, 3, 3, 3, 3, 3, 3, 3, 3, 3, 3, 3, 3, 3, 3, 3, 3, 3, 3, 3, 3, 3, 3, 3, 3, 3, 3, 3, 3, 3, 3, 3, 3, 3, 3, 3, 3, 3, 3, 3, 3, 3, 3, 3, 3, 3, 3, 3, 3, 3, 3, 3, 3, 3, 3, 3, 3, 3, 3, 3, 3, 3, 3, 3, 3, 3]
                int[] faceVertexIndices = [0, 1, 11, 0, 11, 10, 1, 2, 12, 1, 12, 11, 2, 3, 13, 2, 13, 12, 3, 4, 14, 3, 14, 13, 4, 5, 15, 4, 15, 14, 5, 6, 16, 5, 16, 15, 6, 7, 17, 6, 17, 16, 7, 8, 18, 7, 18, 17, 8, 9, 19, 8, 19, 18, 9, 0, 10, 9, 10, 19, 10, 11, 21, 10, 21, 20, 11, 12, 22, 11, 22, 21, 12, 13, 23, 12, 23, 22, 13, 14, 24, 13, 24, 23, 14, 15, 25, 14, 25, 24, 15, 16, 26, 15, 26, 25, 16, 17, 27, 16, 27, 26, 17, 18, 28, 17, 28, 27, 18, 19, 29, 18, 29, 28, 19, 10, 20, 19, 20, 29, 20, 21, 31, 20, 31, 30, 21, 22, 32, 21, 32, 31, 22, 23, 33, 22, 33, 32, 23, 24, 34, 23, 34, 33, 24, 25, 35, 24, 35, 34, 25, 26, 36, 25, 36, 35, 26, 27, 37, 26, 37, 36, 27, 28, 38, 27, 38, 37, 28, 29, 39, 28, 39, 38, 29, 20, 30, 29, 30, 39, 30, 31, 41, 30, 41, 40, 31, 32, 42, 31, 42, 41, 32, 33, 43, 32, 43, 42, 33, 34, 44, 33, 44, 43, 34, 35, 45, 34, 45, 44, 35, 36, 46, 35, 46, 45, 36, 37, 47, 36, 47, 46, 37, 38, 48, 37, 48, 47, 38, 39, 49, 38, 49, 48, 39, 30, 40, 39, 40, 49, 40, 41, 51, 40, 51, 50, 41, 42, 52, 41, 52, 51, 42, 43, 53, 42, 53, 52, 43, 44, 54, 43, 54, 53, 44, 45, 55, 44, 55, 54, 45, 46, 56, 45, 56, 55, 46, 47, 57, 46, 57, 56, 47, 48, 58, 47, 58, 57, 48, 49, 59, 48, 59, 58, 49, 40, 50, 49, 50, 59, 50, 51, 61, 50, 61, 60, 51, 52, 62, 51, 62, 61, 52, 53, 63, 52, 63, 62, 53, 54, 64, 53, 64, 63, 54, 55, 65, 54, 65, 64, 55, 56, 66, 55, 66, 65, 56, 57, 67, 56, 67, 66, 57, 58, 68, 57, 68, 67, 58, 59, 69, 58, 69, 68, 59, 50, 60, 59, 60, 69, 60, 61, 71, 60, 71, 70, 61, 62, 72, 61, 72, 71, 62, 63, 73, 62, 73, 72, 63, 64, 74, 63, 74, 73, 64, 65, 75, 64, 75, 74, 65, 66, 76, 65, 76, 75, 66, 67, 77, 66, 77, 76, 67, 68, 78, 67, 78, 77, 68, 69, 79, 68, 79, 78, 69, 60, 70, 69, 70, 79, 70, 71, 81, 70, 81, 80, 71, 72, 82, 71, 82, 81, 72, 73, 83, 72, 83, 82, 73, 74, 84, 73, 84, 83, 74, 75, 85, 74, 85, 84, 75, 76, 86, 75, 86, 85, 76, 77, 87, 76, 87, 86, 77, 78, 88, 77, 88, 87, 78, 79, 89, 78, 89, 88, 79, 70, 80, 79, 80, 89, 80, 81, 91, 80, 91, 90, 81, 82, 92, 81, 92, 91, 82, 83, 93, 82, 93, 92, 83, 84, 94, 83, 94, 93, 84, 85, 95, 84, 95, 94, 85, 86, 96, 85, 96, 95, 86, 87, 97, 86, 97, 96, 87, 88, 98, 87, 98, 97, 88, 89, 99, 88, 99, 98, 89, 80, 90, 89, 90, 99, 90, 91, 101, 90, 101, 100, 91, 92, 102, 91, 102, 101, 92, 93, 103, 92, 103, 102, 93, 94, 104, 93, 104, 103, 94, 95, 105, 94, 105, 104, 95, 96, 106, 95, 106, 105, 96, 97, 107, 96, 107, 106, 97, 98, 108, 97, 108, 107, 98, 99, 109, 98, 109, 108, 99, 90, 100, 99, 100, 109, 100, 101, 111, 100, 111, 110, 101, 102, 112, 101, 112, 111, 102, 103, 113, 102, 113, 112, 103, 104, 114, 103, 114, 113, 104, 105, 115, 104, 115, 114, 105, 106, 116, 105, 116, 115, 106, 107, 117, 106, 117, 116, 107, 108, 118, 107, 118, 117, 108, 109, 119, 108, 119, 118, 109, 100, 110, 109, 110, 119, 110, 111, 121, 110, 121, 120, 111, 112, 122, 111, 122, 121, 112, 113, 123, 112, 123, 122, 113, 114, 124, 113, 124, 123, 114, 115, 125, 114, 125, 124, 115, 116, 126, 115, 126, 125, 116, 117, 127, 116, 127, 126, 117, 118, 128, 117, 128, 127, 118, 119, 129, 118, 129, 128, 119, 110, 120, 119, 120, 129, 120, 121, 131, 120, 131, 130, 121, 122, 132, 121, 132, 131, 122, 123, 133, 122, 133, 132, 123, 124, 134, 123, 134, 133, 124, 125, 135, 124, 135, 134, 125, 126, 136, 125, 136, 135, 126, 127, 137, 126, 137, 136, 127, 128, 138, 127, 138, 137, 128, 129, 139, 128, 139, 138, 129, 120, 130, 129, 130, 139, 130, 131, 141, 130, 141, 140, 131, 132, 142, 131, 142, 141, 132, 133, 143, 132, 143, 142, 133, 134, 144, 133, 144, 143, 134, 135, 145, 134, 145, 144, 135, 136, 146, 135, 146, 145, 136, 137, 147, 136, 147, 146, 137, 138, 148, 137, 148, 147, 138, 139, 149, 138, 149, 148, 139, 130, 140, 139, 140, 149, 140, 141, 151, 140, 151, 150, 141, 142, 152, 141, 152, 151, 142, 143, 153, 142, 153, 152, 143, 144, 154, 143, 154, 153, 144, 145, 155, 144, 155, 154, 145, 146, 156, 145, 156, 155, 146, 147, 157, 146, 157, 156, 147, 148, 158, 147, 158, 157, 148, 149, 159, 148, 159, 158, 149, 140, 150, 149, 150, 159, 150, 151, 161, 150, 161, 160, 151, 152, 162, 151, 162, 161, 152, 153, 163, 152, 163, 162, 153, 154, 164, 153, 164, 163, 154, 155, 165, 154, 165, 164, 155, 156, 166, 155, 166, 165, 156, 157, 167, 156, 167, 166, 157, 158, 168, 157, 168, 167, 158, 159, 169, 158, 169, 168, 159, 150, 160, 159, 160, 169, 160, 161, 171, 160, 171, 170, 161, 162, 172, 161, 172, 171, 162, 163, 173, 162, 173, 172, 163, 164, 174, 163, 174, 173, 164, 165, 175, 164, 175, 174, 165, 166, 176, 165, 176, 175, 166, 167, 177, 166, 177, 176, 167, 168, 178, 167, 178, 177, 168, 169, 179, 168, 179, 178, 169, 160, 170, 169, 170, 179, 170, 171, 181, 170, 181, 180, 171, 172, 182, 171, 182, 181, 172, 173, 183, 172, 183, 182, 173, 174, 184, 173, 184, 183, 174, 175, 185, 174, 185, 184, 175, 176, 186, 175, 186, 185, 176, 177, 187, 176, 187, 186, 177, 178, 188, 177, 188, 187, 178, 179, 189, 178, 189, 188, 179, 170, 180, 179, 180, 189, 180, 181, 191, 180, 191, 190, 181, 182, 192, 181, 192, 191, 182, 183, 193, 182, 193, 192, 183, 184, 194, 183, 194, 193, 184, 185, 195, 184, 195, 194, 185, 186, 196, 185, 196, 195, 186, 187, 197, 186, 197, 196, 187, 188, 198, 187, 198, 197, 188, 189, 199, 188, 199, 198, 189, 180, 190, 189, 190, 199, 190, 191, 201, 190, 201, 200, 191, 192, 202, 191, 202, 201, 192, 193, 203, 192, 203, 202, 193, 194, 204, 193, 204, 203, 194, 195, 205, 194, 205, 204, 195, 196, 206, 195, 206, 205, 196, 197, 207, 196, 207, 206, 197, 198, 208, 197, 208, 207, 198, 199, 209, 198, 209, 208, 199, 190, 200, 199, 200, 209, 200, 201, 211, 200, 211, 210, 201, 202, 212, 201, 212, 211, 202, 203, 213, 202, 213, 212, 203, 204, 214, 203, 214, 213, 204, 205, 215, 204, 215, 214, 205, 206, 216, 205, 216, 215, 206, 207, 217, 206, 217, 216, 207, 208, 218, 207, 218, 217, 208, 209, 219, 208, 219, 218, 209, 200, 210, 209, 210, 219, 210, 211, 221, 210, 221, 220, 211, 212, 222, 211, 222, 221, 212, 213, 223, 212, 223, 222, 213, 214, 224, 213, 224, 223, 214, 215, 225, 214, 225, 224, 215, 216, 226, 215, 226, 225, 216, 217, 227, 216, 227, 226, 217, 218, 228, 217, 228, 227, 218, 219, 229, 218, 229, 228, 219, 210, 220, 219, 220, 229, 220, 221, 231, 220, 231, 230, 221, 222, 232, 221, 232, 231, 222, 223, 233, 222, 233, 232, 223, 224, 234, 223, 234, 233, 224, 225, 235, 224, 235, 234, 225, 226, 236, 225, 236, 235, 226, 227, 237, 226, 237, 236, 227, 228, 238, 227, 238, 237, 228, 229, 239, 228, 239, 238, 229, 220, 230, 229, 230, 239, 230, 231, 241, 230, 241, 240, 231, 232, 242, 231, 242, 241, 232, 233, 243, 232, 243, 242, 233, 234, 244, 233, 244, 243, 234, 235, 245, 234, 245, 244, 235, 236, 246, 235, 246, 245, 236, 237, 247, 236, 247, 246, 237, 238, 248, 237, 248, 247, 238, 239, 249, 238, 249, 248, 239, 230, 240, 239, 240, 249, 240, 241, 251, 240, 251, 250, 241, 242, 252, 241, 252, 251, 242, 243, 253, 242, 253, 252, 243, 244, 254, 243, 254, 253, 244, 245, 255, 244, 255, 254, 245, 246, 256, 245, 256, 255, 246, 247, 257, 246, 257, 256, 247, 248, 258, 247, 258, 257, 248, 249, 259, 248, 259, 258, 249, 240, 250, 249, 250, 259, 250, 251, 261, 250, 261, 260, 251, 252, 262, 251, 262, 261, 252, 253, 263, 252, 263, 262, 253, 254, 264, 253, 264, 263, 254, 255, 265, 254, 265, 264, 255, 256, 266, 255, 266, 265, 256, 257, 267, 256, 267, 266, 257, 258, 268, 257, 268, 267, 258, 259, 269, 258, 269, 268, 259, 250, 260, 259, 260, 269, 260, 261, 271, 260, 271, 270, 261, 262, 272, 261, 272, 271, 262, 263, 273, 262, 273, 272, 263, 264, 274, 263, 274, 273, 264, 265, 275, 264, 275, 274, 265, 266, 276, 265, 276, 275, 266, 267, 277, 266, 277, 276, 267, 268, 278, 267, 278, 277, 268, 269, 279, 268, 279, 278, 269, 260, 270, 269, 270, 279, 270, 271, 281, 270, 281, 280, 271, 272, 282, 271, 282, 281, 272, 273, 283, 272, 283, 282, 273, 274, 284, 273, 284, 283, 274, 275, 285, 274, 285, 284, 275, 276, 286, 275, 286, 285, 276, 277, 287, 276, 287, 286, 277, 278, 288, 277, 288, 287, 278, 279, 289, 278, 289, 288, 279, 270, 280, 279, 280, 289, 280, 281, 291, 280, 291, 290, 281, 282, 292, 281, 292, 291, 282, 283, 293, 282, 293, 292, 283, 284, 294, 283, 294, 293, 284, 285, 295, 284, 295, 294, 285, 286, 296, 285, 296, 295, 286, 287, 297, 286, 297, 296, 287, 288, 298, 287, 298, 297, 288, 289, 299, 288, 299, 298, 289, 280, 290, 289, 290, 299, 290, 291, 301, 290, 301, 300, 291, 292, 302, 291, 302, 301, 292, 293, 303, 292, 303, 302, 293, 294, 304, 293, 304, 303, 294, 295, 305, 294, 305, 304, 295, 296, 306, 295, 306, 305, 296, 297, 307, 296, 307, 306, 297, 298, 308, 297, 308, 307, 298, 299, 309, 298, 309, 308, 299, 290, 300, 299, 300, 309, 300, 301, 311, 300, 311, 310, 301, 302, 312, 301, 312, 311, 302, 303, 313, 302, 313, 312, 303, 304, 314, 303, 314, 313, 304, 305, 315, 304, 315, 314, 305, 306, 316, 305, 316, 315, 306, 307, 317, 306, 317, 316, 307, 308, 318, 307, 318, 317, 308, 309, 319, 308, 319, 318, 309, 300, 310, 309, 310, 319, 310, 311, 321, 310, 321, 320, 311, 312, 322, 311, 322, 321, 312, 313, 323, 312, 323, 322, 313, 314, 324, 313, 324, 323, 314, 315, 325, 314, 325, 324, 315, 316, 326, 315, 326, 325, 316, 317, 327, 316, 327, 326, 317, 318, 328, 317, 328, 327, 318, 319, 329, 318, 329, 328, 319, 310, 320, 319, 320, 329, 320, 321, 331, 320, 331, 330, 321, 322, 332, 321, 332, 331, 322, 323, 333, 322, 333, 332, 323, 324, 334, 323, 334, 333, 324, 325, 335, 324, 335, 334, 325, 326, 336, 325, 336, 335, 326, 327, 337, 326, 337, 336, 327, 328, 338, 327, 338, 337, 328, 329, 339, 328, 339, 338, 329, 320, 330, 329, 330, 339, 330, 331, 341, 330, 341, 340, 331, 332, 342, 331, 342, 341, 332, 333, 343, 332, 343, 342, 333, 334, 344, 333, 344, 343, 334, 335, 345, 334, 345, 344, 335, 336, 346, 335, 346, 345, 336, 337, 347, 336, 347, 346, 337, 338, 348, 337, 348, 347, 338, 339, 349, 338, 349, 348, 339, 330, 340, 339, 340, 349, 340, 341, 351, 340, 351, 350, 341, 342, 352, 341, 352, 351, 342, 343, 353, 342, 353, 352, 343, 344, 354, 343, 354, 353, 344, 345, 355, 344, 355, 354, 345, 346, 356, 345, 356, 355, 346, 347, 357, 346, 357, 356, 347, 348, 358, 347, 358, 357, 348, 349, 359, 348, 359, 358, 349, 340, 350, 349, 350, 359, 350, 351, 361, 350, 361, 360, 351, 352, 362, 351, 362, 361, 352, 353, 363, 352, 363, 362, 353, 354, 364, 353, 364, 363, 354, 355, 365, 354, 365, 364, 355, 356, 366, 355, 366, 365, 356, 357, 367, 356, 367, 366, 357, 358, 368, 357, 368, 367, 358, 359, 369, 358, 369, 368, 359, 350, 360, 359, 360, 369, 360, 361, 371, 360, 371, 370, 361, 362, 372, 361, 372, 371, 362, 363, 373, 362, 373, 372, 363, 364, 374, 363, 374, 373, 364, 365, 375, 364, 375, 374, 365, 366, 376, 365, 376, 375, 366, 367, 377, 366, 377, 376, 367, 368, 378, 367, 378, 377, 368, 369, 379, 368, 379, 378, 369, 360, 370, 369, 370, 379, 370, 371, 381, 370, 381, 380, 371, 372, 382, 371, 382, 381, 372, 373, 383, 372, 383, 382, 373, 374, 384, 373, 384, 383, 374, 375, 385, 374, 385, 384, 375, 376, 386, 375, 386, 385, 376, 377, 387, 376, 387, 386, 377, 378, 388, 377, 388, 387, 378, 379, 389, 378, 389, 388, 379, 370, 380, 379, 380, 389, 380, 381, 391, 380, 391, 390, 381, 382, 392, 381, 392, 391, 382, 383, 393, 382, 393, 392, 383, 384, 394, 383, 394, 393, 384, 385, 395, 384, 395, 394, 385, 386, 396, 385, 396, 395, 386, 387, 397, 386, 397, 396, 387, 388, 398, 387, 398, 397, 388, 389, 399, 388, 399, 398, 389, 380, 390, 389, 390, 399, 390, 391, 401, 390, 401, 400, 391, 392, 402, 391, 402, 401, 392, 393, 403, 392, 403, 402, 393, 394, 404, 393, 404, 403, 394, 395, 405, 394, 405, 404, 395, 396, 406, 395, 406, 405, 396, 397, 407, 396, 407, 406, 397, 398, 408, 397, 408, 407, 398, 399, 409, 398, 409, 408, 399, 390, 400, 399, 400, 409, 400, 401, 411, 400, 411, 410, 401, 402, 412, 401, 412, 411, 402, 403, 413, 402, 413, 412, 403, 404, 414, 403, 414, 413, 404, 405, 415, 404, 415, 414, 405, 406, 416, 405, 416, 415, 406, 407, 417, 406, 417, 416, 407, 408, 418, 407, 418, 417, 408, 409, 419, 408, 419, 418, 409, 400, 410, 409, 410, 419, 410, 411, 421, 410, 421, 420, 411, 412, 422, 411, 422, 421, 412, 413, 423, 412, 423, 422, 413, 414, 424, 413, 424, 423, 414, 415, 425, 414, 425, 424, 415, 416, 426, 415, 426, 425, 416, 417, 427, 416, 427, 426, 417, 418, 428, 417, 428, 427, 418, 419, 429, 418, 429, 428, 419, 410, 420, 419, 420, 429, 420, 421, 431, 420, 431, 430, 421, 422, 432, 421, 432, 431, 422, 423, 433, 422, 433, 432, 423, 424, 434, 423, 434, 433, 424, 425, 435, 424, 435, 434, 425, 426, 436, 425, 436, 435, 426, 427, 437, 426, 437, 436, 427, 428, 438, 427, 438, 437, 428, 429, 439, 428, 439, 438, 429, 420, 430, 429, 430, 439, 430, 431, 441, 430, 441, 440, 431, 432, 442, 431, 442, 441, 432, 433, 443, 432, 443, 442, 433, 434, 444, 433, 444, 443, 434, 435, 445, 434, 445, 444, 435, 436, 446, 435, 446, 445, 436, 437, 447, 436, 447, 446, 437, 438, 448, 437, 448, 447, 438, 439, 449, 438, 449, 448, 439, 430, 440, 439, 440, 449, 440, 441, 451, 440, 451, 450, 441, 442, 452, 441, 452, 451, 442, 443, 453, 442, 453, 452, 443, 444, 454, 443, 454, 453, 444, 445, 455, 444, 455, 454, 445, 446, 456, 445, 456, 455, 446, 447, 457, 446, 457, 456, 447, 448, 458, 447, 458, 457, 448, 449, 459, 448, 459, 458, 449, 440, 450, 449, 450, 459, 450, 451, 461, 450, 461, 460, 451, 452, 462, 451, 462, 461, 452, 453, 463, 452, 463, 462, 453, 454, 464, 453, 464, 463, 454, 455, 465, 454, 465, 464, 455, 456, 466, 455, 466, 465, 456, 457, 467, 456, 467, 466, 457, 458, 468, 457, 468, 467, 458, 459, 469, 458, 469, 468, 459, 450, 460, 459, 460, 469, 460, 461, 471, 460, 471, 470, 461, 462, 472, 461, 472, 471, 462, 463, 473, 462, 473, 472, 463, 464, 474, 463, 474, 473, 464, 465, 475, 464, 475, 474, 465, 466, 476, 465, 476, 475, 466, 467, 477, 466, 477, 476, 467, 468, 478, 467, 478, 477, 468, 469, 479, 468, 479, 478, 469, 460, 470, 469, 470, 479, 470, 471, 481, 470, 481, 480, 471, 472, 482, 471, 482, 481, 472, 473, 483, 472, 483, 482, 473, 474, 484, 473, 484, 483, 474, 475, 485, 474, 485, 484, 475, 476, 486, 475, 486, 485, 476, 477, 487, 476, 487, 486, 477, 478, 488, 477, 488, 487, 478, 479, 489, 478, 489, 488, 479, 470, 480, 479, 480, 489]
                normal3f[] normals = [(0.366939406, -0.727807574, 0.579354475), (0.821712765, -0.324193309, 0.468707616), (0.962619778, 0.203251781, 0.179030379), (0.735838754, 0.653061599, -0.179030379), (0.227992335, 0.853424083, -0.468707616), (-0.366939406, 0.727807574, -0.579354475), (-0.821712765, 0.324193309, -0.468707616), (-0.962619778, -0.203251781, -0.179030379), (-0.735838754, -0.653061599, 0.179030379), (-0.227992335, -0.853424083, 0.468707616), (0.356914885, -0.714050534, 0.602281994), (0.796340608, -0.284929913, 0.533532175), (0.931591285, 0.253024251, 0.2609912), (0.711005755, 0.694331751, -0.111239543), (0.218840193, 0.870428121, -0.440980562), (-0.356914885, 0.714050534, -0.602281994), (-0.796340608, 0.284929913, -0.533532175), (-0.931591285, -0.253024251, -0.2609912), (-0.711005755, -0.694331751, 0.111239543), (-0.218840193, -0.870428121, 0.440980562), (0.353933845, -0.711618228, 0.606902242), (0.752079096, -0.23897376, 0.614221927), (0.862955694, 0.324950561, 0.386929712), (0.644212548, 0.764754813, 0.011843499), (0.179402105, 0.912448719, -0.367766528), (-0.353933845, 0.711618228, -0.606902242), (-0.752079096, 0.23897376, -0.614221927), (-0.862955694, -0.324950561, -0.386929712), (-0.644212548, -0.764754813, -0.011843499), (-0.179402105, -0.912448719, 0.367766528), (0.411558288, -0.739267101, 0.533014005), (0.750761202, -0.229889562, 0.619280556), (0.803198854, 0.367297975, 0.469002984), (0.548841844, 0.82419017, 0.139582212), (0.0848459037, 0.966269733, -0.24315422), (-0.411558288, 0.739267101, -0.533014005), (-0.750761202, 0.229889562, -0.619280556), (-0.803198854, -0.367297975, -0.469002984), (-0.548841844, -0.82419017, -0.139582212), (-0.0848459037, -0.966269733, 0.24315422), (0.529676643, -0.752017707, 0.392316227), (0.783721525, -0.220960627, 0.58047995), (0.738411422, 0.394495903, 0.546920063), (0.411053253, 0.859268406, 0.3044553), (-0.0733132867, 0.995829583, -0.054301039), (-0.529676643, 0.752017707, -0.392316227), (-0.783721525, 0.220960627, -0.58047995), (-0.738411422, -0.394495903, -0.546920063), (-0.411053253, -0.859268406, -0.3044553), (0.0733132867, -0.995829583, 0.054301039), (0.658548742, -0.713922515, 0.2379668), (0.824760051, -0.195551211, 0.530594555), (0.675941054, 0.397514009, 0.620553224), (0.268935548, 0.838742389, 0.473481653), (-0.240794196, 0.959599683, 0.145556184), (-0.658548742, 0.713922515, -0.2379668), (-0.824760051, 0.195551211, -0.530594555), (-0.675941054, -0.397514009, -0.620553224), (-0.268935548, -0.838742389, -0.473481653), (0.240794196, -0.959599683, -0.145556184), (0.740632181, -0.658272886, 0.134687716), (0.848145778, -0.172233477, 0.500983402), (0.631696515, 0.379593267, 0.675920457), (0.173960654, 0.786428284, 0.592678871), (-0.350222264, 0.892874427, 0.283054101), (-0.740632181, 0.658272886, -0.134687716), (-0.848145778, 0.172233477, -0.500983402), (-0.631696515, -0.379593267, -0.675920457), (-0.173960654, -0.786428284, -0.592678871), (0.350222264, -0.892874427, -0.283054101), (0.76837513, -0.632282652, 0.0990873787), (0.846676715, -0.171673153, 0.50365352), (0.601576573, 0.354509655, 0.715841135), (0.126694627, 0.745281824, 0.654601767), (-0.39658036, 0.851381668, 0.343326773), (-0.76837513, 0.632282652, -0.0990873787), (-0.846676715, 0.171673153, -0.50365352), (-0.601576573, -0.354509655, -0.715841135), (-0.126694627, -0.745281824, -0.654601767), (0.39658036, -0.851381668, -0.343326773), (0.747542934, -0.652668091, 0.123304197), (0.810983879, -0.207320447, 0.547104542), (0.564656547, 0.317216562, 0.761929548), (0.102649606, 0.720587626, 0.685723364), (-0.398565996, 0.848718708, 0.347594161), (-0.747542934, 0.652668091, -0.123304197), (-0.810983879, 0.207320447, -0.547104542), (-0.564656547, -0.317216562, -0.761929548), (-0.102649606, -0.720587626, -0.685723364), (0.398565996, -0.848718708, -0.347594161), (0.644014797, -0.73848667, 0.199705731), (0.670761348, -0.331078092, 0.66367651), (0.441299863, 0.202791064, 0.87414542), (0.0432768289, 0.659200927, 0.75072049), (-0.371276483, 0.86381844, 0.340545849), (-0.644014797, 0.73848667, -0.199705731), (-0.670761348, 0.331078092, -0.66367651), (-0.441299863, -0.202791064, -0.87414542), (-0.0432768289, -0.659200927, -0.75072049), (0.371276483, -0.86381844, -0.340545849), (0.423082187, -0.874197034, 0.238287658), (0.345424774, -0.551248343, 0.759478104), (0.135826837, -0.0177415213, 0.990573727), (-0.125652335, 0.522541959, 0.843303855), (-0.339136585, 0.863232171, 0.373920573), (-0.423082187, 0.874197034, -0.238287658), (-0.345424774, 0.551248343, -0.759478104), (-0.135826837, 0.0177415213, -0.990573727), (0.125652335, -0.522541959, -0.843303855), (0.339136585, -0.863232171, -0.373920573), (0.191763622, -0.961025218, 0.199141268), (0.0250958959, -0.686170654, 0.727007585), (-0.151157609, -0.149222223, 0.977181716), (-0.269674046, 0.444724025, 0.854105644), (-0.285184162, 0.868800812, 0.404790246), (-0.191763622, 0.961025218, -0.199141268), (-0.0250958959, 0.686170654, -0.727007585), (0.151157609, 0.149222223, -0.977181716), (0.269674046, -0.444724025, -0.854105644), (0.285184162, -0.868800812, -0.404790246), (-0.0400781855, -0.99014308, 0.134202906), (-0.198961391, -0.718717634, 0.666227685), (-0.281848107, -0.17276648, 0.943776132), (-0.257078427, 0.439175597, 0.860834175), (-0.134113524, 0.883367524, 0.449082822), (0.0400781855, 0.99014308, -0.134202906), (0.198961391, 0.718717634, -0.666227685), (0.281848107, 0.17276648, -0.943776132), (0.257078427, -0.439175597, -0.860834175), (0.134113524, -0.883367524, -0.449082822), (-0.282435217, -0.957517988, 0.0582207055), (-0.39248204, -0.692324223, 0.605512195), (-0.352614063, -0.162686136, 0.921518607), (-0.178059499, 0.429092526, 0.885536232), (0.0645077411, 0.856972427, 0.511309115), (0.282435217, 0.957517988, -0.0582207055), (0.39248204, 0.692324223, -0.605512195), (0.352614063, 0.162686136, -0.921518607), (0.178059499, -0.429092526, -0.885536232), (-0.0645077411, -0.856972427, -0.511309115), (-0.464480472, -0.885582548, 0.00120061102), (-0.521865444, -0.639062174, 0.56502743), (-0.379915554, -0.14844177, 0.913032975), (-0.0928508348, 0.398878344, 0.912290956), (0.229679747, 0.793840489, 0.5630848), (0.464480472, 0.885582548, -0.00120061102), (0.521865444, 0.639062174, -0.56502743), (0.379915554, 0.14844177, -0.913032975), (0.0928508348, -0.398878344, -0.912290956), (-0.229679747, -0.793840489, -0.5630848), (-0.555816698, -0.830872533, -0.0268073234), (-0.581942646, -0.602040995, 0.54670778), (-0.385786283, -0.14325026, 0.911399093), (-0.0422726716, 0.370257205, 0.92796693), (0.317387663, 0.742339003, 0.59008294), (0.555816698, 0.830872533, 0.0268073234), (0.581942646, 0.602040995, -0.54670778), (0.385786283, 0.14325026, -0.911399093), (0.0422726716, -0.370257205, -0.92796693), (-0.317387663, -0.742339003, -0.59008294), (-0.570468536, -0.82071697, -0.0314532153), (-0.593370132, -0.594114358, 0.543083802), (-0.389624506, -0.140580254, 0.910181266), (-0.0370555616, 0.366650729, 0.929620422), (0.329667348, 0.733833595, 0.593976173), (0.570468536, 0.82071697, 0.0314532153), (0.593370132, 0.594114358, -0.543083802), (0.389624506, 0.140580254, -0.910181266), (0.0370555616, -0.366650729, -0.929620422), (-0.329667348, -0.733833595, -0.593976173), (-0.526720504, -0.849903501, -0.0151509077), (-0.578818001, -0.60296211, 0.549004932), (-0.409826694, -0.125709688, 0.903459548), (-0.0842955202, 0.399559563, 0.912823324), (0.273433678, 0.772210641, 0.573519616), (0.526720504, 0.849903501, 0.0151509077), (0.578818001, 0.60296211, -0.549004932), (0.409826694, 0.125709688, -0.903459548), (0.0842955202, -0.399559563, -0.912823324), (-0.273433678, -0.772210641, -0.573519616), (-0.448049533, -0.893614361, 0.0265516509), (-0.576696352, -0.599697222, 0.554783345), (-0.485064765, -0.0767161273, 0.871106658), (-0.208154925, 0.475567921, 0.854696835), (0.148263021, 0.846201187, 0.511821872), (0.448049533, 0.893614361, -0.0265516509), (0.576696352, 0.599697222, -0.554783345), (0.485064765, 0.0767161273, -0.871106658), (0.208154925, -0.475567921, -0.854696835), (-0.148263021, -0.846201187, -0.511821872), (-0.41144589, -0.908819224, 0.0689920142), (-0.712816875, -0.532855672, 0.456022955), (-0.741916041, 0.0466406346, 0.668868626), (-0.487628496, 0.608321804, 0.626229217), (-0.0470834399, 0.937644721, 0.344391531), (0.41144589, 0.908819224, -0.0689920142), (0.712816875, 0.532855672, -0.456022955), (0.741916041, -0.0466406346, -0.668868626), (0.487628496, -0.608321804, -0.626229217), (0.0470834399, -0.937644721, -0.344391531), (-0.39950226, -0.909759553, 0.112851672), (-0.83780981, -0.492000363, 0.236665089), (-0.956102489, 0.113686242, 0.270080486), (-0.709196514, 0.675948568, 0.200334317), (-0.191401575, 0.980021515, 0.0540672481), (0.39950226, 0.909759553, -0.112851672), (0.83780981, 0.492000363, -0.236665089), (0.956102489, -0.113686242, -0.270080486), (0.709196514, -0.675948568, -0.200334317), (0.191401575, -0.980021515, -0.0540672481), (-0.393643176, -0.88714022, 0.240888521), (-0.857189216, -0.483222002, 0.178109922), (-0.993318111, 0.105270597, 0.0472993862), (-0.750033249, 0.653553406, -0.101577908), (-0.220261178, 0.952201027, -0.211655893), (0.393643176, 0.88714022, -0.240888521), (0.857189216, 0.483222002, -0.178109922), (0.993318111, -0.105270597, -0.0472993862), (0.750033249, -0.653553406, 0.101577908), (0.220261178, -0.952201027, 0.211655893), (-0.397922777, -0.830761396, 0.389220973), (-0.861164703, -0.459041721, 0.218348467), (-0.995470981, 0.0880162888, -0.0359257317), (-0.74954118, 0.601455068, -0.276477522), (-0.217312124, 0.885158454, -0.411424296), (0.397922777, 0.830761396, -0.389220973), (0.861164703, 0.459041721, -0.218348467), (0.995470981, -0.0880162888, 0.0359257317), (0.74954118, -0.601455068, 0.276477522), (0.217312124, -0.885158454, 0.411424296), (-0.401635295, -0.773251606, 0.49068426), (-0.863200707, -0.429140644, 0.265937674), (-0.995052788, 0.0788874579, -0.0603880639), (-0.746828524, 0.556783232, -0.363647614), (-0.213341148, 0.822006737, -0.528006136), (0.401635295, 0.773251606, -0.49068426), (0.863200707, 0.429140644, -0.265937674), (0.995052788, -0.0788874579, 0.0603880639), (0.746828524, -0.556783232, 0.363647614), (0.213341148, -0.822006737, 0.528006136), (-0.402042675, -0.748057184, 0.527988766), (-0.863447836, -0.41212314, 0.290882024), (-0.995045271, 0.0812279362, -0.0573317638), (-0.746569233, 0.543552702, -0.383646767), (-0.212929122, 0.798258809, -0.563421744), (0.402042675, 0.748057184, -0.527988766), (0.863447836, 0.41212314, -0.290882024), (0.995045271, -0.0812279362, 0.0573317638), (0.746569233, -0.543552702, 0.383646767), (0.212929122, -0.798258809, 0.563421744), (-0.402658565, -0.769233129, 0.496131508), (-0.863764359, -0.420512242, 0.277633907), (-0.994941526, 0.0888300276, -0.0469104107), (-0.746084847, 0.564242246, -0.353536546), (-0.212249114, 0.824133105, -0.525123737), (0.402658565, 0.769233129, -0.496131508), (0.863764359, 0.420512242, -0.277633907), (0.994941526, -0.0888300276, 0.0469104107), (0.746084847, -0.564242246, 0.353536546), (0.212249114, -0.824133105, 0.525123737), (-0.405332967, -0.829389913, 0.384470491), (-0.865249469, -0.456094032, 0.208138394), (-0.994670082, 0.0914142667, -0.0476954951), (-0.744160531, 0.604005423, -0.285311326), (-0.209406951, 0.885887037, -0.413947928), (0.405332967, 0.829389913, -0.384470491), (0.865249469, 0.456094032, -0.208138394), (0.994670082, -0.0914142667, 0.0476954951), (0.744160531, -0.604005423, 0.285311326), (0.209406951, -0.885887037, 0.413947928), (-0.399362372, -0.897813692, 0.185580897), (-0.860359884, -0.506339384, 0.0583206469), (-0.992729163, 0.0785393589, -0.0912161085), (-0.745909643, 0.633418736, -0.205911411), (-0.214177992, 0.946353686, -0.241955553), (0.399362372, 0.897813692, -0.185580897), (0.860359884, 0.506339384, -0.0583206469), (0.992729163, -0.0785393589, 0.0912161085), (0.745909643, -0.633418736, 0.205911411), (0.214177992, -0.946353686, 0.241955553), (-0.335427977, -0.93728872, -0.0947519248), (-0.801544506, -0.553407633, -0.226420841), (-0.961498277, 0.0418563606, -0.271604692), (-0.754192386, 0.621132647, -0.213044782), (-0.258810638, 0.963157374, -0.0731090065), (0.335427977, 0.93728872, 0.0947519248), (0.801544506, 0.553407633, 0.226420841), (0.961498277, -0.0418563606, 0.271604692), (0.754192386, -0.621132647, 0.213044782), (0.258810638, -0.963157374, 0.0731090065), (-0.106947187, -0.914697173, -0.389732448), (-0.53250187, -0.546976078, -0.645955825), (-0.754658938, 0.0296712881, -0.655446033), (-0.688561941, 0.59498523, -0.414578134), (-0.359457686, 0.933035037, -0.0153554783), (0.106947187, 0.914697173, 0.389732448), (0.53250187, 0.546976078, 0.645955825), (0.754658938, -0.0296712881, 0.655446033), (0.688561941, -0.59498523, 0.414578134), (0.359457686, -0.933035037, 0.0153554783), (0.132719659, -0.836009657, -0.53242215), (-0.223021212, -0.453604203, -0.862846896), (-0.493575559, 0.10206264, -0.863693455), (-0.575600819, 0.618745023, -0.53463847), (-0.43776613, 0.899087837, -0.0013697614), (-0.132719659, 0.836009657, 0.53242215), (0.223021212, 0.453604203, 0.862846896), (0.493575559, -0.10206264, 0.863693455), (0.575600819, -0.618745023, 0.53463847), (0.43776613, -0.899087837, 0.0013697614), (0.264276882, -0.76537395, -0.586822329), (-0.0944750011, -0.386103517, -0.917604789), (-0.417140645, 0.140645337, -0.897893408), (-0.580472741, 0.613672452, -0.535217263), (-0.522083979, 0.852297549, 0.0318936848), (-0.264276882, 0.76537395, 0.586822329), (0.0944750011, 0.386103517, 0.917604789), (0.417140645, -0.140645337, 0.897893408), (0.580472741, -0.613672452, 0.535217263), (0.522083979, -0.852297549, -0.0318936848), (0.321259435, -0.727485628, -0.606264824), (-0.0469543141, -0.354563285, -0.933852327), (-0.397233111, 0.153790181, -0.904739982), (-0.595782361, 0.603401026, -0.530047715), (-0.566762999, 0.822533187, 0.0471047636), (-0.321259435, 0.727485628, 0.606264824), (0.0469543141, 0.354563285, 0.933852327), (0.397233111, -0.153790181, 0.904739982), (0.595782361, -0.603401026, 0.530047715), (0.566762999, -0.822533187, -0.0471047636), (0.309074957, -0.73587122, -0.602466777), (-0.0519910269, -0.357961779, -0.932287669), (-0.393198206, 0.156676895, -0.906006358), (-0.584217034, 0.611470321, -0.533661413), (-0.552084813, 0.832702867, 0.0425240538), (-0.309074957, 0.73587122, 0.602466777), (0.0519910269, 0.357961779, 0.932287669), (0.393198206, -0.156676895, 0.906006358), (0.584217034, -0.611470321, 0.533661413), (0.552084813, -0.832702867, -0.0425240538), (0.221560774, -0.786664096, -0.576255519), (-0.101681126, -0.385150029, -0.917235196), (-0.386084291, 0.163478258, -0.907862203), (-0.523016381, 0.649663407, -0.551716705), (-0.460173989, 0.887699216, 0.0151658211), (-0.221560774, 0.786664096, 0.576255519), (0.101681126, 0.385150029, 0.917235196), (0.386084291, -0.163478258, 0.907862203), (0.523016381, -0.649663407, 0.551716705), (0.460173989, -0.887699216, -0.0151658211), (0.0556387185, -0.846595113, -0.529321308), (-0.186032771, -0.409381028, -0.893195937), (-0.356646066, 0.184202696, -0.915900077), (-0.391032685, 0.707427251, -0.588761518), (-0.276058109, 0.96043864, -0.0367360698), (-0.0556387185, 0.846595113, 0.529321308), (0.186032771, 0.409381028, 0.893195937), (0.356646066, -0.184202696, 0.915900077), (0.391032685, -0.707427251, 0.588761518), (0.276058109, -0.96043864, 0.0367360698), (-0.143619911, -0.864924201, -0.48091522), (-0.261667174, -0.404727485, -0.876199722), (-0.27976647, 0.210061374, -0.936805712), (-0.191004483, 0.744613927, -0.63958376), (-0.0292852759, 0.994749269, -0.0980625512), (0.143619911, 0.864924201, 0.48091522), (0.261667174, 0.404727485, 0.876199722), (0.27976647, -0.210061374, 0.936805712), (0.191004483, -0.744613927, 0.63958376), (0.0292852759, -0.994749269, 0.0980625512), (-0.288705686, -0.84029279, -0.458864962), (-0.262190904, -0.390890621, -0.882304059), (-0.135528108, 0.207818479, -0.968732993), (0.0429018186, 0.727147984, -0.68513885), (0.204944709, 0.968731674, -0.139844953), (0.288705686, 0.84029279, 0.458864962), (0.262190904, 0.390890621, 0.882304059), (0.135528108, -0.207818479, 0.968732993), (-0.0429018186, -0.727147984, 0.68513885), (-0.204944709, -0.968731674, 0.139844953), (-0.312763863, -0.82983488, -0.462117775), (-0.0855321637, -0.446738091, -0.890566857), (0.174369914, 0.106997465, -0.978849669), (0.367668612, 0.619863626, -0.693245178), (0.420530396, 0.895962951, -0.142844591), (0.312763863, 0.82983488, 0.462117775), (0.0855321637, 0.446738091, 0.890566857), (-0.174369914, -0.106997465, 0.978849669), (-0.367668612, -0.619863626, 0.693245178), (-0.420530396, -0.895962951, 0.142844591), (-0.289037181, -0.84683093, -0.446469354), (0.136101738, -0.577344279, -0.805077574), (0.509254419, -0.0873317364, -0.856173525), (0.687889221, 0.436038561, -0.580240289), (0.603773721, 0.792856949, -0.0826749844), (0.289037181, 0.84683093, 0.446469354), (-0.136101738, 0.577344279, 0.805077574), (-0.509254419, 0.0873317364, 0.856173525), (-0.687889221, -0.436038561, 0.580240289), (-0.603773721, -0.792856949, 0.0826749844), (-0.287805682, -0.847981407, -0.44507912), (0.222102121, -0.646213426, -0.730122493), (0.647174464, -0.197613881, -0.736283891), (0.825048158, 0.326467451, -0.461209867), (0.687781497, 0.725849312, -0.00996935017), (0.287805682, 0.847981407, 0.44507912), (-0.222102121, 0.646213426, 0.730122493), (-0.647174464, 0.197613881, 0.736283891), (-0.825048158, -0.326467451, 0.461209867), (-0.687781497, -0.725849312, 0.00996935017), (-0.279733895, -0.856239749, -0.434283825), (0.250754367, -0.674654609, -0.694235844), (0.685462983, -0.235374339, -0.689013366), (0.858348039, 0.293810928, -0.420611202), (0.703373317, 0.710770407, 0.00845014574), (0.279733895, 0.856239749, 0.434283825), (-0.250754367, 0.674654609, 0.694235844), (-0.685462983, 0.235374339, 0.689013366), (-0.858348039, -0.293810928, 0.420611202), (-0.703373317, -0.710770407, -0.00845014574), (-0.233705647, -0.899245324, -0.369783068), (0.293241672, -0.714803057, -0.634874721), (0.70818064, -0.257330317, -0.657465809), (0.852618672, 0.298433857, -0.428927304), (0.671385352, 0.740206442, -0.0365531479), (0.233705647, 0.899245324, 0.369783068), (-0.293241672, 0.714803057, 0.634874721), (-0.70818064, 0.257330317, 0.657465809), (-0.852618672, -0.298433857, 0.428927304), (-0.671385352, -0.740206442, 0.0365531479), (-0.130178238, -0.965089715, -0.227278393), (0.373467661, -0.765142999, -0.524478881), (0.734461607, -0.272937664, -0.621346263), (0.814916183, 0.323520583, -0.480880492), (0.584100475, 0.796404962, -0.156734717), (0.130178238, 0.965089715, 0.227278393), (-0.373467661, 0.765142999, 0.524478881), (-0.734461607, 0.272937664, 0.621346263), (-0.814916183, -0.323520583, 0.480880492), (-0.584100475, -0.796404962, 0.156734717), (0.0255204111, -0.99949558, -0.0189022331), (0.492742972, -0.789941885, -0.364960521), (0.771754465, -0.278657239, -0.571616295), (0.755981984, 0.339065001, -0.559934072), (0.45145008, 0.827275935, -0.334376065), (-0.0255204111, 0.99949558, 0.0189022331), (-0.492742972, 0.789941885, 0.364960521), (-0.771754465, 0.278657239, 0.571616295), (-0.755981984, -0.339065001, 0.559934072), (-0.45145008, -0.827275935, 0.334376065), (0.171933749, -0.968445771, 0.180420548), (0.611184275, -0.764822062, -0.203717932), (0.816983181, -0.269062321, -0.510043085), (0.710722281, 0.329470082, -0.621549116), (0.332989626, 0.802156112, -0.495644511), (-0.171933749, 0.968445771, -0.180420548), (-0.611184275, 0.764822062, 0.203717932), (-0.816983181, 0.269062321, 0.510043085), (-0.710722281, -0.329470082, 0.621549116), (-0.332989626, -0.802156112, 0.495644511), (0.260250157, -0.912565152, 0.315427805), (0.697161175, -0.71313195, -0.073546708), (0.86778032, -0.241306582, -0.434428878), (0.706936877, 0.322689699, -0.629373982), (0.276067576, 0.763429482, -0.583919617), (-0.260250157, 0.912565152, -0.315427805), (-0.697161175, 0.71313195, 0.073546708), (-0.86778032, 0.241306582, 0.434428878), (-0.706936877, -0.322689699, 0.629373982), (-0.276067576, -0.763429482, 0.583919617), (0.299585113, -0.865399541, 0.401662039), (0.762611003, -0.644329424, 0.0571318676), (0.934345411, -0.177147367, -0.309220736), (0.749191629, 0.357698963, -0.557461528), (0.277872108, 0.755916447, -0.592770964), (-0.299585113, 0.865399541, -0.401662039), (-0.762611003, 0.644329424, -0.0571318676), (-0.934345411, 0.177147367, 0.309220736), (-0.749191629, -0.357698963, 0.557461528), (-0.277872108, -0.755916447, 0.592770964), (0.310860304, -0.844335244, 0.436421662), (0.788708608, -0.601057768, 0.129105734), (0.965297031, -0.128196655, -0.227524196), (0.773174797, 0.393631224, -0.497247617), (0.28572607, 0.765105354, -0.577039349), (-0.310860304, 0.844335244, -0.436421662), (-0.788708608, 0.601057768, -0.129105734), (-0.965297031, 0.128196655, 0.227524196), (-0.773174797, -0.393631224, 0.497247617), (-0.28572607, -0.765105354, 0.577039349)] (
                    interpolation = "vertex"
                )
                custom string ugts:assetId = "gielis_tube_asset"
                custom string ugts:contentHash = "5303a1385ba984ab5e357f951fb84ad61faf699a130090334e7a09807d8c2e01"
            }
        }
    }
}
